date,sex,vaccination_status,entries,sumTotal,pop,inz_entries,inzsumTotal,geoRegion,type,type_variant,vaccine,data_completeness,version,timeframe_all
202104,female,fully_vaccinated,0,0,8722,0,NA,CHFL,COVID19Death,vaccine,all,limited,2021-12-03_07-52-50,TRUE
202104,female,partially_vaccinated,4,4,155824,2.57,NA,CHFL,COVID19Death,vaccine,all,limited,2021-12-03_07-52-50,TRUE
202104,female,not_vaccinated,21,21,4222842,0.5,NA,CHFL,COVID19Death,vaccine,all,limited,2021-12-03_07-52-50,TRUE
202104,female,unknown,58,58,NA,NA,NA,CHFL,COVID19Death,vaccine,all,limited,2021-12-03_07-52-50,TRUE
202104,male,fully_vaccinated,0,0,6500,0,NA,CHFL,COVID19Death,vaccine,all,limited,2021-12-03_07-52-50,TRUE
202104,male,partially_vaccinated,4,4,118770,3.37,NA,CHFL,COVID19Death,vaccine,all,limited,2021-12-03_07-52-50,TRUE
202104,male,not_vaccinated,28,28,4196697,0.67,NA,CHFL,COVID19Death,vaccine,all,limited,2021-12-03_07-52-50,TRUE
202104,male,unknown,54,54,NA,NA,NA,CHFL,COVID19Death,vaccine,all,limited,2021-12-03_07-52-50,TRUE
202104,unknown,fully_vaccinated,0,0,0,NA,NA,CHFL,COVID19Death,vaccine,all,limited,2021-12-03_07-52-50,TRUE
202104,unknown,partially_vaccinated,0,0,31,0,NA,CHFL,COVID19Death,vaccine,all,limited,2021-12-03_07-52-50,TRUE
202104,unknown,not_vaccinated,0,0,NA,NA,NA,CHFL,COVID19Death,vaccine,all,limited,2021-12-03_07-52-50,TRUE
202104,unknown,unknown,0,0,NA,NA,NA,CHFL,COVID19Death,vaccine,all,limited,2021-12-03_07-52-50,TRUE
202105,female,fully_vaccinated,0,0,27922,0,NA,CHFL,COVID19Death,vaccine,all,limited,2021-12-03_07-52-50,TRUE
202105,female,partially_vaccinated,8,12,174062,4.6,NA,CHFL,COVID19Death,vaccine,all,limited,2021-12-03_07-52-50,TRUE
202105,female,not_vaccinated,28,49,4185404,0.67,NA,CHFL,COVID19Death,vaccine,all,limited,2021-12-03_07-52-50,TRUE
202105,female,unknown,51,109,NA,NA,NA,CHFL,COVID19Death,vaccine,all,limited,2021-12-03_07-52-50,TRUE
202105,male,fully_vaccinated,0,0,18478,0,NA,CHFL,COVID19Death,vaccine,all,limited,2021-12-03_07-52-50,TRUE
202105,male,partially_vaccinated,4,8,137262,2.91,NA,CHFL,COVID19Death,vaccine,all,limited,2021-12-03_07-52-50,TRUE
202105,male,not_vaccinated,29,57,4166227,0.7,NA,CHFL,COVID19Death,vaccine,all,limited,2021-12-03_07-52-50,TRUE
202105,male,unknown,46,100,NA,NA,NA,CHFL,COVID19Death,vaccine,all,limited,2021-12-03_07-52-50,TRUE
202105,unknown,fully_vaccinated,0,0,0,NA,NA,CHFL,COVID19Death,vaccine,all,limited,2021-12-03_07-52-50,TRUE
202105,unknown,partially_vaccinated,0,0,38,0,NA,CHFL,COVID19Death,vaccine,all,limited,2021-12-03_07-52-50,TRUE
202105,unknown,not_vaccinated,0,0,NA,NA,NA,CHFL,COVID19Death,vaccine,all,limited,2021-12-03_07-52-50,TRUE
202105,unknown,unknown,0,0,NA,NA,NA,CHFL,COVID19Death,vaccine,all,limited,2021-12-03_07-52-50,TRUE
202106,female,fully_vaccinated,1,1,60192,1.66,NA,CHFL,COVID19Death,vaccine,all,limited,2021-12-03_07-52-50,TRUE
202106,female,partially_vaccinated,5,17,186942,2.67,NA,CHFL,COVID19Death,vaccine,all,limited,2021-12-03_07-52-50,TRUE
202106,female,not_vaccinated,22,71,4140254,0.53,NA,CHFL,COVID19Death,vaccine,all,limited,2021-12-03_07-52-50,TRUE
202106,female,unknown,26,135,NA,NA,NA,CHFL,COVID19Death,vaccine,all,limited,2021-12-03_07-52-50,TRUE
202106,male,fully_vaccinated,0,0,41665,0,NA,CHFL,COVID19Death,vaccine,all,limited,2021-12-03_07-52-50,TRUE
202106,male,partially_vaccinated,5,13,145959,3.43,NA,CHFL,COVID19Death,vaccine,all,limited,2021-12-03_07-52-50,TRUE
202106,male,not_vaccinated,33,90,4134343,0.8,NA,CHFL,COVID19Death,vaccine,all,limited,2021-12-03_07-52-50,TRUE
202106,male,unknown,37,137,NA,NA,NA,CHFL,COVID19Death,vaccine,all,limited,2021-12-03_07-52-50,TRUE
202106,unknown,fully_vaccinated,0,0,5,0,NA,CHFL,COVID19Death,vaccine,all,limited,2021-12-03_07-52-50,TRUE
202106,unknown,partially_vaccinated,0,0,51,0,NA,CHFL,COVID19Death,vaccine,all,limited,2021-12-03_07-52-50,TRUE
202106,unknown,not_vaccinated,0,0,NA,NA,NA,CHFL,COVID19Death,vaccine,all,limited,2021-12-03_07-52-50,TRUE
202106,unknown,unknown,0,0,NA,NA,NA,CHFL,COVID19Death,vaccine,all,limited,2021-12-03_07-52-50,TRUE
202107,female,fully_vaccinated,0,1,99216,0,NA,CHFL,COVID19Death,vaccine,all,limited,2021-12-03_07-52-50,TRUE
202107,female,partially_vaccinated,4,21,181302,2.21,NA,CHFL,COVID19Death,vaccine,all,limited,2021-12-03_07-52-50,TRUE
202107,female,not_vaccinated,13,84,4106870,0.32,NA,CHFL,COVID19Death,vaccine,all,limited,2021-12-03_07-52-50,TRUE
202107,female,unknown,28,163,NA,NA,NA,CHFL,COVID19Death,vaccine,all,limited,2021-12-03_07-52-50,TRUE
202107,male,fully_vaccinated,0,0,74314,0,NA,CHFL,COVID19Death,vaccine,all,limited,2021-12-03_07-52-50,TRUE
202107,male,partially_vaccinated,0,13,137911,0,NA,CHFL,COVID19Death,vaccine,all,limited,2021-12-03_07-52-50,TRUE
202107,male,not_vaccinated,22,112,4109742,0.54,NA,CHFL,COVID19Death,vaccine,all,limited,2021-12-03_07-52-50,TRUE
202107,male,unknown,19,156,NA,NA,NA,CHFL,COVID19Death,vaccine,all,limited,2021-12-03_07-52-50,TRUE
202107,unknown,fully_vaccinated,0,0,12,0,NA,CHFL,COVID19Death,vaccine,all,limited,2021-12-03_07-52-50,TRUE
202107,unknown,partially_vaccinated,0,0,56,0,NA,CHFL,COVID19Death,vaccine,all,limited,2021-12-03_07-52-50,TRUE
202107,unknown,not_vaccinated,0,0,NA,NA,NA,CHFL,COVID19Death,vaccine,all,limited,2021-12-03_07-52-50,TRUE
202107,unknown,unknown,0,0,NA,NA,NA,CHFL,COVID19Death,vaccine,all,limited,2021-12-03_07-52-50,TRUE
202108,female,fully_vaccinated,2,3,148579,1.35,NA,CHFL,COVID19Death,vaccine,all,limited,2021-12-03_07-52-50,TRUE
202108,female,partially_vaccinated,3,24,159344,1.88,NA,CHFL,COVID19Death,vaccine,all,limited,2021-12-03_07-52-50,TRUE
202108,female,not_vaccinated,7,91,4079465,0.17,NA,CHFL,COVID19Death,vaccine,all,limited,2021-12-03_07-52-50,TRUE
202108,female,unknown,15,178,NA,NA,NA,CHFL,COVID19Death,vaccine,all,limited,2021-12-03_07-52-50,TRUE
202108,male,fully_vaccinated,1,1,114176,0.88,NA,CHFL,COVID19Death,vaccine,all,limited,2021-12-03_07-52-50,TRUE
202108,male,partially_vaccinated,5,18,118471,4.22,NA,CHFL,COVID19Death,vaccine,all,limited,2021-12-03_07-52-50,TRUE
202108,male,not_vaccinated,12,124,4089320,0.29,NA,CHFL,COVID19Death,vaccine,all,limited,2021-12-03_07-52-50,TRUE
202108,male,unknown,18,174,NA,NA,NA,CHFL,COVID19Death,vaccine,all,limited,2021-12-03_07-52-50,TRUE
202108,unknown,fully_vaccinated,0,0,25,0,NA,CHFL,COVID19Death,vaccine,all,limited,2021-12-03_07-52-50,TRUE
202108,unknown,partially_vaccinated,0,0,46,0,NA,CHFL,COVID19Death,vaccine,all,limited,2021-12-03_07-52-50,TRUE
202108,unknown,not_vaccinated,0,0,NA,NA,NA,CHFL,COVID19Death,vaccine,all,limited,2021-12-03_07-52-50,TRUE
202108,unknown,unknown,0,0,NA,NA,NA,CHFL,COVID19Death,vaccine,all,limited,2021-12-03_07-52-50,TRUE
202109,female,fully_vaccinated,0,3,191668,0,NA,CHFL,COVID19Death,vaccine,all,limited,2021-12-03_07-52-50,TRUE
202109,female,partially_vaccinated,2,26,157028,1.27,NA,CHFL,COVID19Death,vaccine,all,limited,2021-12-03_07-52-50,TRUE
202109,female,not_vaccinated,14,105,4038692,0.35,NA,CHFL,COVID19Death,vaccine,all,limited,2021-12-03_07-52-50,TRUE
202109,female,unknown,14,192,NA,NA,NA,CHFL,COVID19Death,vaccine,all,limited,2021-12-03_07-52-50,TRUE
202109,male,fully_vaccinated,0,1,147116,0,NA,CHFL,COVID19Death,vaccine,all,limited,2021-12-03_07-52-50,TRUE
202109,male,partially_vaccinated,1,19,118595,0.84,NA,CHFL,COVID19Death,vaccine,all,limited,2021-12-03_07-52-50,TRUE
202109,male,not_vaccinated,11,135,4056256,0.27,NA,CHFL,COVID19Death,vaccine,all,limited,2021-12-03_07-52-50,TRUE
202109,male,unknown,22,196,NA,NA,NA,CHFL,COVID19Death,vaccine,all,limited,2021-12-03_07-52-50,TRUE
202109,unknown,fully_vaccinated,0,0,36,0,NA,CHFL,COVID19Death,vaccine,all,limited,2021-12-03_07-52-50,TRUE
202109,unknown,partially_vaccinated,0,0,40,0,NA,CHFL,COVID19Death,vaccine,all,limited,2021-12-03_07-52-50,TRUE
202109,unknown,not_vaccinated,0,0,NA,NA,NA,CHFL,COVID19Death,vaccine,all,limited,2021-12-03_07-52-50,TRUE
202109,unknown,unknown,0,0,NA,NA,NA,CHFL,COVID19Death,vaccine,all,limited,2021-12-03_07-52-50,TRUE
202110,female,fully_vaccinated,2,5,226904,0.88,NA,CHFL,COVID19Death,vaccine,all,limited,2021-12-03_07-52-50,TRUE
202110,female,partially_vaccinated,1,27,171704,0.58,NA,CHFL,COVID19Death,vaccine,all,limited,2021-12-03_07-52-50,TRUE
202110,female,not_vaccinated,14,119,3988780,0.35,NA,CHFL,COVID19Death,vaccine,all,limited,2021-12-03_07-52-50,TRUE
202110,female,unknown,13,205,NA,NA,NA,CHFL,COVID19Death,vaccine,all,limited,2021-12-03_07-52-50,TRUE
202110,male,fully_vaccinated,1,2,173382,0.58,NA,CHFL,COVID19Death,vaccine,all,limited,2021-12-03_07-52-50,TRUE
202110,male,partially_vaccinated,2,21,131383,1.52,NA,CHFL,COVID19Death,vaccine,all,limited,2021-12-03_07-52-50,TRUE
202110,male,not_vaccinated,24,159,4017202,0.6,NA,CHFL,COVID19Death,vaccine,all,limited,2021-12-03_07-52-50,TRUE
202110,male,unknown,18,214,NA,NA,NA,CHFL,COVID19Death,vaccine,all,limited,2021-12-03_07-52-50,TRUE
202110,unknown,fully_vaccinated,0,0,45,0,NA,CHFL,COVID19Death,vaccine,all,limited,2021-12-03_07-52-50,TRUE
202110,unknown,partially_vaccinated,0,0,38,0,NA,CHFL,COVID19Death,vaccine,all,limited,2021-12-03_07-52-50,TRUE
202110,unknown,not_vaccinated,0,0,NA,NA,NA,CHFL,COVID19Death,vaccine,all,limited,2021-12-03_07-52-50,TRUE
202110,unknown,unknown,0,0,NA,NA,NA,CHFL,COVID19Death,vaccine,all,limited,2021-12-03_07-52-50,TRUE
202111,female,fully_vaccinated,0,5,270102,0,NA,CHFL,COVID19Death,vaccine,all,limited,2021-12-03_07-52-50,TRUE
202111,female,partially_vaccinated,3,30,170400,1.76,NA,CHFL,COVID19Death,vaccine,all,limited,2021-12-03_07-52-50,TRUE
202111,female,not_vaccinated,9,128,3946886,0.23,NA,CHFL,COVID19Death,vaccine,all,limited,2021-12-03_07-52-50,TRUE
202111,female,unknown,15,220,NA,NA,NA,CHFL,COVID19Death,vaccine,all,limited,2021-12-03_07-52-50,TRUE
202111,male,fully_vaccinated,1,3,202924,0.49,NA,CHFL,COVID19Death,vaccine,all,limited,2021-12-03_07-52-50,TRUE
202111,male,partially_vaccinated,3,24,137009,2.19,NA,CHFL,COVID19Death,vaccine,all,limited,2021-12-03_07-52-50,TRUE
202111,male,not_vaccinated,13,172,3982034,0.33,NA,CHFL,COVID19Death,vaccine,all,limited,2021-12-03_07-52-50,TRUE
202111,male,unknown,18,232,NA,NA,NA,CHFL,COVID19Death,vaccine,all,limited,2021-12-03_07-52-50,TRUE
202111,unknown,fully_vaccinated,0,0,64,0,NA,CHFL,COVID19Death,vaccine,all,limited,2021-12-03_07-52-50,TRUE
202111,unknown,partially_vaccinated,0,0,67,0,NA,CHFL,COVID19Death,vaccine,all,limited,2021-12-03_07-52-50,TRUE
202111,unknown,not_vaccinated,0,0,NA,NA,NA,CHFL,COVID19Death,vaccine,all,limited,2021-12-03_07-52-50,TRUE
202111,unknown,unknown,0,0,NA,NA,NA,CHFL,COVID19Death,vaccine,all,limited,2021-12-03_07-52-50,TRUE
202112,female,fully_vaccinated,1,6,308639,0.32,NA,CHFL,COVID19Death,vaccine,all,limited,2021-12-03_07-52-50,TRUE
202112,female,partially_vaccinated,0,30,192462,0,NA,CHFL,COVID19Death,vaccine,all,limited,2021-12-03_07-52-50,TRUE
202112,female,not_vaccinated,14,142,3886287,0.36,NA,CHFL,COVID19Death,vaccine,all,limited,2021-12-03_07-52-50,TRUE
202112,female,unknown,10,230,NA,NA,NA,CHFL,COVID19Death,vaccine,all,limited,2021-12-03_07-52-50,TRUE
202112,male,fully_vaccinated,1,4,232850,0.43,NA,CHFL,COVID19Death,vaccine,all,limited,2021-12-03_07-52-50,TRUE
202112,male,partially_vaccinated,4,28,158766,2.52,NA,CHFL,COVID19Death,vaccine,all,limited,2021-12-03_07-52-50,TRUE
202112,male,not_vaccinated,16,188,3930351,0.41,NA,CHFL,COVID19Death,vaccine,all,limited,2021-12-03_07-52-50,TRUE
202112,male,unknown,14,246,NA,NA,NA,CHFL,COVID19Death,vaccine,all,limited,2021-12-03_07-52-50,TRUE
202112,unknown,fully_vaccinated,0,0,69,0,NA,CHFL,COVID19Death,vaccine,all,limited,2021-12-03_07-52-50,TRUE
202112,unknown,partially_vaccinated,0,0,75,0,NA,CHFL,COVID19Death,vaccine,all,limited,2021-12-03_07-52-50,TRUE
202112,unknown,not_vaccinated,0,0,NA,NA,NA,CHFL,COVID19Death,vaccine,all,limited,2021-12-03_07-52-50,TRUE
202112,unknown,unknown,0,0,NA,NA,NA,CHFL,COVID19Death,vaccine,all,limited,2021-12-03_07-52-50,TRUE
202113,female,fully_vaccinated,0,6,344848,0,NA,CHFL,COVID19Death,vaccine,all,limited,2021-12-03_07-52-50,TRUE
202113,female,partially_vaccinated,1,31,215293,0.46,NA,CHFL,COVID19Death,vaccine,all,limited,2021-12-03_07-52-50,TRUE
202113,female,not_vaccinated,20,162,3827247,0.52,NA,CHFL,COVID19Death,vaccine,all,limited,2021-12-03_07-52-50,TRUE
202113,female,unknown,12,242,NA,NA,NA,CHFL,COVID19Death,vaccine,all,limited,2021-12-03_07-52-50,TRUE
202113,male,fully_vaccinated,1,5,262224,0.38,NA,CHFL,COVID19Death,vaccine,all,limited,2021-12-03_07-52-50,TRUE
202113,male,partially_vaccinated,3,31,178611,1.68,NA,CHFL,COVID19Death,vaccine,all,limited,2021-12-03_07-52-50,TRUE
202113,male,not_vaccinated,21,209,3881132,0.54,NA,CHFL,COVID19Death,vaccine,all,limited,2021-12-03_07-52-50,TRUE
202113,male,unknown,13,259,NA,NA,NA,CHFL,COVID19Death,vaccine,all,limited,2021-12-03_07-52-50,TRUE
202113,unknown,fully_vaccinated,0,0,74,0,NA,CHFL,COVID19Death,vaccine,all,limited,2021-12-03_07-52-50,TRUE
202113,unknown,partially_vaccinated,0,0,83,0,NA,CHFL,COVID19Death,vaccine,all,limited,2021-12-03_07-52-50,TRUE
202113,unknown,not_vaccinated,0,0,NA,NA,NA,CHFL,COVID19Death,vaccine,all,limited,2021-12-03_07-52-50,TRUE
202113,unknown,unknown,0,0,NA,NA,NA,CHFL,COVID19Death,vaccine,all,limited,2021-12-03_07-52-50,TRUE
202114,female,fully_vaccinated,2,8,393121,0.51,NA,CHFL,COVID19Death,vaccine,all,limited,2021-12-03_07-52-50,TRUE
202114,female,partially_vaccinated,1,32,232552,0.43,NA,CHFL,COVID19Death,vaccine,all,limited,2021-12-03_07-52-50,TRUE
202114,female,not_vaccinated,11,173,3761715,0.29,NA,CHFL,COVID19Death,vaccine,all,limited,2021-12-03_07-52-50,TRUE
202114,female,unknown,8,250,NA,NA,NA,CHFL,COVID19Death,vaccine,all,limited,2021-12-03_07-52-50,TRUE
202114,male,fully_vaccinated,0,5,300705,0,NA,CHFL,COVID19Death,vaccine,all,limited,2021-12-03_07-52-50,TRUE
202114,male,partially_vaccinated,2,33,197339,1.01,NA,CHFL,COVID19Death,vaccine,all,limited,2021-12-03_07-52-50,TRUE
202114,male,not_vaccinated,23,232,3823923,0.6,NA,CHFL,COVID19Death,vaccine,all,limited,2021-12-03_07-52-50,TRUE
202114,male,unknown,16,275,NA,NA,NA,CHFL,COVID19Death,vaccine,all,limited,2021-12-03_07-52-50,TRUE
202114,unknown,fully_vaccinated,0,0,81,0,NA,CHFL,COVID19Death,vaccine,all,limited,2021-12-03_07-52-50,TRUE
202114,unknown,partially_vaccinated,0,0,104,0,NA,CHFL,COVID19Death,vaccine,all,limited,2021-12-03_07-52-50,TRUE
202114,unknown,not_vaccinated,0,0,NA,NA,NA,CHFL,COVID19Death,vaccine,all,limited,2021-12-03_07-52-50,TRUE
202114,unknown,unknown,0,0,NA,NA,NA,CHFL,COVID19Death,vaccine,all,limited,2021-12-03_07-52-50,TRUE
202115,female,fully_vaccinated,2,10,439180,0.46,NA,CHFL,COVID19Death,vaccine,all,limited,2021-12-03_07-52-50,TRUE
202115,female,partially_vaccinated,1,33,298546,0.33,NA,CHFL,COVID19Death,vaccine,all,limited,2021-12-03_07-52-50,TRUE
202115,female,not_vaccinated,6,179,3649662,0.16,NA,CHFL,COVID19Death,vaccine,all,limited,2021-12-03_07-52-50,TRUE
202115,female,unknown,10,260,NA,NA,NA,CHFL,COVID19Death,vaccine,all,limited,2021-12-03_07-52-50,TRUE
202115,male,fully_vaccinated,1,6,339159,0.29,NA,CHFL,COVID19Death,vaccine,all,limited,2021-12-03_07-52-50,TRUE
202115,male,partially_vaccinated,2,35,256891,0.78,NA,CHFL,COVID19Death,vaccine,all,limited,2021-12-03_07-52-50,TRUE
202115,male,not_vaccinated,15,247,3725917,0.4,NA,CHFL,COVID19Death,vaccine,all,limited,2021-12-03_07-52-50,TRUE
202115,male,unknown,9,284,NA,NA,NA,CHFL,COVID19Death,vaccine,all,limited,2021-12-03_07-52-50,TRUE
202115,unknown,fully_vaccinated,0,0,126,0,NA,CHFL,COVID19Death,vaccine,all,limited,2021-12-03_07-52-50,TRUE
202115,unknown,partially_vaccinated,0,0,101,0,NA,CHFL,COVID19Death,vaccine,all,limited,2021-12-03_07-52-50,TRUE
202115,unknown,not_vaccinated,0,0,NA,NA,NA,CHFL,COVID19Death,vaccine,all,limited,2021-12-03_07-52-50,TRUE
202115,unknown,unknown,0,0,NA,NA,NA,CHFL,COVID19Death,vaccine,all,limited,2021-12-03_07-52-50,TRUE
202116,female,fully_vaccinated,2,12,498158,0.4,NA,CHFL,COVID19Death,vaccine,all,limited,2021-12-03_07-52-50,TRUE
202116,female,partially_vaccinated,0,33,375418,0,NA,CHFL,COVID19Death,vaccine,all,limited,2021-12-03_07-52-50,TRUE
202116,female,not_vaccinated,12,191,3513812,0.34,NA,CHFL,COVID19Death,vaccine,all,limited,2021-12-03_07-52-50,TRUE
202116,female,unknown,6,266,NA,NA,NA,CHFL,COVID19Death,vaccine,all,limited,2021-12-03_07-52-50,TRUE
202116,male,fully_vaccinated,3,9,389775,0.77,NA,CHFL,COVID19Death,vaccine,all,limited,2021-12-03_07-52-50,TRUE
202116,male,partially_vaccinated,0,35,327463,0,NA,CHFL,COVID19Death,vaccine,all,limited,2021-12-03_07-52-50,TRUE
202116,male,not_vaccinated,18,265,3604729,0.5,NA,CHFL,COVID19Death,vaccine,all,limited,2021-12-03_07-52-50,TRUE
202116,male,unknown,13,297,NA,NA,NA,CHFL,COVID19Death,vaccine,all,limited,2021-12-03_07-52-50,TRUE
202116,unknown,fully_vaccinated,0,0,140,0,NA,CHFL,COVID19Death,vaccine,all,limited,2021-12-03_07-52-50,TRUE
202116,unknown,partially_vaccinated,0,0,141,0,NA,CHFL,COVID19Death,vaccine,all,limited,2021-12-03_07-52-50,TRUE
202116,unknown,not_vaccinated,0,0,NA,NA,NA,CHFL,COVID19Death,vaccine,all,limited,2021-12-03_07-52-50,TRUE
202116,unknown,unknown,0,0,NA,NA,NA,CHFL,COVID19Death,vaccine,all,limited,2021-12-03_07-52-50,TRUE
202117,female,fully_vaccinated,1,13,556375,0.18,NA,CHFL,COVID19Death,vaccine,all,limited,2021-12-03_07-52-50,TRUE
202117,female,partially_vaccinated,0,33,465624,0,NA,CHFL,COVID19Death,vaccine,all,limited,2021-12-03_07-52-50,TRUE
202117,female,not_vaccinated,15,206,3365389,0.45,NA,CHFL,COVID19Death,vaccine,all,limited,2021-12-03_07-52-50,TRUE
202117,female,unknown,11,277,NA,NA,NA,CHFL,COVID19Death,vaccine,all,limited,2021-12-03_07-52-50,TRUE
202117,male,fully_vaccinated,3,12,438645,0.68,NA,CHFL,COVID19Death,vaccine,all,limited,2021-12-03_07-52-50,TRUE
202117,male,partially_vaccinated,3,38,412723,0.73,NA,CHFL,COVID19Death,vaccine,all,limited,2021-12-03_07-52-50,TRUE
202117,male,not_vaccinated,23,288,3470599,0.66,NA,CHFL,COVID19Death,vaccine,all,limited,2021-12-03_07-52-50,TRUE
202117,male,unknown,13,310,NA,NA,NA,CHFL,COVID19Death,vaccine,all,limited,2021-12-03_07-52-50,TRUE
202117,unknown,fully_vaccinated,0,0,153,0,NA,CHFL,COVID19Death,vaccine,all,limited,2021-12-03_07-52-50,TRUE
202117,unknown,partially_vaccinated,0,0,192,0,NA,CHFL,COVID19Death,vaccine,all,limited,2021-12-03_07-52-50,TRUE
202117,unknown,not_vaccinated,0,0,NA,NA,NA,CHFL,COVID19Death,vaccine,all,limited,2021-12-03_07-52-50,TRUE
202117,unknown,unknown,0,0,NA,NA,NA,CHFL,COVID19Death,vaccine,all,limited,2021-12-03_07-52-50,TRUE
202118,female,fully_vaccinated,1,14,628832,0.16,NA,CHFL,COVID19Death,vaccine,all,limited,2021-12-03_07-52-50,TRUE
202118,female,partially_vaccinated,0,33,561566,0,NA,CHFL,COVID19Death,vaccine,all,limited,2021-12-03_07-52-50,TRUE
202118,female,not_vaccinated,8,214,3196990,0.25,NA,CHFL,COVID19Death,vaccine,all,limited,2021-12-03_07-52-50,TRUE
202118,female,unknown,10,287,NA,NA,NA,CHFL,COVID19Death,vaccine,all,limited,2021-12-03_07-52-50,TRUE
202118,male,fully_vaccinated,2,14,501483,0.4,NA,CHFL,COVID19Death,vaccine,all,limited,2021-12-03_07-52-50,TRUE
202118,male,partially_vaccinated,0,38,502254,0,NA,CHFL,COVID19Death,vaccine,all,limited,2021-12-03_07-52-50,TRUE
202118,male,not_vaccinated,13,301,3318230,0.39,NA,CHFL,COVID19Death,vaccine,all,limited,2021-12-03_07-52-50,TRUE
202118,male,unknown,7,317,NA,NA,NA,CHFL,COVID19Death,vaccine,all,limited,2021-12-03_07-52-50,TRUE
202118,unknown,fully_vaccinated,0,0,181,0,NA,CHFL,COVID19Death,vaccine,all,limited,2021-12-03_07-52-50,TRUE
202118,unknown,partially_vaccinated,0,0,258,0,NA,CHFL,COVID19Death,vaccine,all,limited,2021-12-03_07-52-50,TRUE
202118,unknown,not_vaccinated,0,0,NA,NA,NA,CHFL,COVID19Death,vaccine,all,limited,2021-12-03_07-52-50,TRUE
202118,unknown,unknown,0,0,NA,NA,NA,CHFL,COVID19Death,vaccine,all,limited,2021-12-03_07-52-50,TRUE
202119,female,fully_vaccinated,0,14,729175,0,NA,CHFL,COVID19Death,vaccine,all,limited,2021-12-03_07-52-50,TRUE
202119,female,partially_vaccinated,0,33,603153,0,NA,CHFL,COVID19Death,vaccine,all,limited,2021-12-03_07-52-50,TRUE
202119,female,not_vaccinated,8,222,3055060,0.26,NA,CHFL,COVID19Death,vaccine,all,limited,2021-12-03_07-52-50,TRUE
202119,female,unknown,4,291,NA,NA,NA,CHFL,COVID19Death,vaccine,all,limited,2021-12-03_07-52-50,TRUE
202119,male,fully_vaccinated,2,16,590409,0.34,NA,CHFL,COVID19Death,vaccine,all,limited,2021-12-03_07-52-50,TRUE
202119,male,partially_vaccinated,1,39,555337,0.18,NA,CHFL,COVID19Death,vaccine,all,limited,2021-12-03_07-52-50,TRUE
202119,male,not_vaccinated,10,311,3176221,0.31,NA,CHFL,COVID19Death,vaccine,all,limited,2021-12-03_07-52-50,TRUE
202119,male,unknown,5,322,NA,NA,NA,CHFL,COVID19Death,vaccine,all,limited,2021-12-03_07-52-50,TRUE
202119,unknown,fully_vaccinated,0,0,217,0,NA,CHFL,COVID19Death,vaccine,all,limited,2021-12-03_07-52-50,TRUE
202119,unknown,partially_vaccinated,0,0,292,0,NA,CHFL,COVID19Death,vaccine,all,limited,2021-12-03_07-52-50,TRUE
202119,unknown,not_vaccinated,0,0,NA,NA,NA,CHFL,COVID19Death,vaccine,all,limited,2021-12-03_07-52-50,TRUE
202119,unknown,unknown,0,0,NA,NA,NA,CHFL,COVID19Death,vaccine,all,limited,2021-12-03_07-52-50,TRUE
202120,female,fully_vaccinated,2,16,866839,0.23,NA,CHFL,COVID19Death,vaccine,all,limited,2021-12-03_07-52-50,TRUE
202120,female,partially_vaccinated,0,33,622571,0,NA,CHFL,COVID19Death,vaccine,all,limited,2021-12-03_07-52-50,TRUE
202120,female,not_vaccinated,9,231,2897978,0.31,NA,CHFL,COVID19Death,vaccine,all,limited,2021-12-03_07-52-50,TRUE
202120,female,unknown,2,293,NA,NA,NA,CHFL,COVID19Death,vaccine,all,limited,2021-12-03_07-52-50,TRUE
202120,male,fully_vaccinated,0,16,714070,0,NA,CHFL,COVID19Death,vaccine,all,limited,2021-12-03_07-52-50,TRUE
202120,male,partially_vaccinated,0,39,590564,0,NA,CHFL,COVID19Death,vaccine,all,limited,2021-12-03_07-52-50,TRUE
202120,male,not_vaccinated,14,325,3017333,0.46,NA,CHFL,COVID19Death,vaccine,all,limited,2021-12-03_07-52-50,TRUE
202120,male,unknown,6,328,NA,NA,NA,CHFL,COVID19Death,vaccine,all,limited,2021-12-03_07-52-50,TRUE
202120,unknown,fully_vaccinated,0,0,272,0,NA,CHFL,COVID19Death,vaccine,all,limited,2021-12-03_07-52-50,TRUE
202120,unknown,partially_vaccinated,0,0,306,0,NA,CHFL,COVID19Death,vaccine,all,limited,2021-12-03_07-52-50,TRUE
202120,unknown,not_vaccinated,0,0,NA,NA,NA,CHFL,COVID19Death,vaccine,all,limited,2021-12-03_07-52-50,TRUE
202120,unknown,unknown,0,0,NA,NA,NA,CHFL,COVID19Death,vaccine,all,limited,2021-12-03_07-52-50,TRUE
202121,female,fully_vaccinated,0,16,1009175,0,NA,CHFL,COVID19Death,vaccine,all,limited,2021-12-03_07-52-50,TRUE
202121,female,partially_vaccinated,0,33,620369,0,NA,CHFL,COVID19Death,vaccine,all,limited,2021-12-03_07-52-50,TRUE
202121,female,not_vaccinated,5,236,2757844,0.18,NA,CHFL,COVID19Death,vaccine,all,limited,2021-12-03_07-52-50,TRUE
202121,female,unknown,4,297,NA,NA,NA,CHFL,COVID19Death,vaccine,all,limited,2021-12-03_07-52-50,TRUE
202121,male,fully_vaccinated,2,18,843061,0.24,NA,CHFL,COVID19Death,vaccine,all,limited,2021-12-03_07-52-50,TRUE
202121,male,partially_vaccinated,0,39,613306,0,NA,CHFL,COVID19Death,vaccine,all,limited,2021-12-03_07-52-50,TRUE
202121,male,not_vaccinated,5,330,2865600,0.17,NA,CHFL,COVID19Death,vaccine,all,limited,2021-12-03_07-52-50,TRUE
202121,male,unknown,3,331,NA,NA,NA,CHFL,COVID19Death,vaccine,all,limited,2021-12-03_07-52-50,TRUE
202121,unknown,fully_vaccinated,0,0,337,0,NA,CHFL,COVID19Death,vaccine,all,limited,2021-12-03_07-52-50,TRUE
202121,unknown,partially_vaccinated,0,0,333,0,NA,CHFL,COVID19Death,vaccine,all,limited,2021-12-03_07-52-50,TRUE
202121,unknown,not_vaccinated,0,0,NA,NA,NA,CHFL,COVID19Death,vaccine,all,limited,2021-12-03_07-52-50,TRUE
202121,unknown,unknown,0,0,NA,NA,NA,CHFL,COVID19Death,vaccine,all,limited,2021-12-03_07-52-50,TRUE
202122,female,fully_vaccinated,3,19,1171533,0.26,NA,CHFL,COVID19Death,vaccine,all,limited,2021-12-03_07-52-50,TRUE
202122,female,partially_vaccinated,0,33,619159,0,NA,CHFL,COVID19Death,vaccine,all,limited,2021-12-03_07-52-50,TRUE
202122,female,not_vaccinated,9,245,2596696,0.35,NA,CHFL,COVID19Death,vaccine,all,limited,2021-12-03_07-52-50,TRUE
202122,female,unknown,2,299,NA,NA,NA,CHFL,COVID19Death,vaccine,all,limited,2021-12-03_07-52-50,TRUE
202122,male,fully_vaccinated,1,19,990036,0.1,NA,CHFL,COVID19Death,vaccine,all,limited,2021-12-03_07-52-50,TRUE
202122,male,partially_vaccinated,0,39,641827,0,NA,CHFL,COVID19Death,vaccine,all,limited,2021-12-03_07-52-50,TRUE
202122,male,not_vaccinated,7,337,2690104,0.26,NA,CHFL,COVID19Death,vaccine,all,limited,2021-12-03_07-52-50,TRUE
202122,male,unknown,2,333,NA,NA,NA,CHFL,COVID19Death,vaccine,all,limited,2021-12-03_07-52-50,TRUE
202122,unknown,fully_vaccinated,0,0,426,0,NA,CHFL,COVID19Death,vaccine,all,limited,2021-12-03_07-52-50,TRUE
202122,unknown,partially_vaccinated,0,0,348,0,NA,CHFL,COVID19Death,vaccine,all,limited,2021-12-03_07-52-50,TRUE
202122,unknown,not_vaccinated,0,0,NA,NA,NA,CHFL,COVID19Death,vaccine,all,limited,2021-12-03_07-52-50,TRUE
202122,unknown,unknown,0,0,NA,NA,NA,CHFL,COVID19Death,vaccine,all,limited,2021-12-03_07-52-50,TRUE
202123,female,fully_vaccinated,0,19,1325541,0,NA,CHFL,COVID19Death,vaccine,all,limited,2021-12-03_07-52-50,TRUE
202123,female,partially_vaccinated,1,34,633928,0.16,NA,CHFL,COVID19Death,vaccine,all,limited,2021-12-03_07-52-50,TRUE
202123,female,not_vaccinated,2,247,2427919,0.08,NA,CHFL,COVID19Death,vaccine,all,limited,2021-12-03_07-52-50,TRUE
202123,female,unknown,1,300,NA,NA,NA,CHFL,COVID19Death,vaccine,all,limited,2021-12-03_07-52-50,TRUE
202123,male,fully_vaccinated,1,20,1140183,0.09,NA,CHFL,COVID19Death,vaccine,all,limited,2021-12-03_07-52-50,TRUE
202123,male,partially_vaccinated,1,40,676440,0.15,NA,CHFL,COVID19Death,vaccine,all,limited,2021-12-03_07-52-50,TRUE
202123,male,not_vaccinated,5,342,2505344,0.2,NA,CHFL,COVID19Death,vaccine,all,limited,2021-12-03_07-52-50,TRUE
202123,male,unknown,5,338,NA,NA,NA,CHFL,COVID19Death,vaccine,all,limited,2021-12-03_07-52-50,TRUE
202123,unknown,fully_vaccinated,0,0,489,0,NA,CHFL,COVID19Death,vaccine,all,limited,2021-12-03_07-52-50,TRUE
202123,unknown,partially_vaccinated,0,0,423,0,NA,CHFL,COVID19Death,vaccine,all,limited,2021-12-03_07-52-50,TRUE
202123,unknown,not_vaccinated,0,0,NA,NA,NA,CHFL,COVID19Death,vaccine,all,limited,2021-12-03_07-52-50,TRUE
202123,unknown,unknown,0,0,NA,NA,NA,CHFL,COVID19Death,vaccine,all,limited,2021-12-03_07-52-50,TRUE
202124,female,fully_vaccinated,0,19,1480761,0,NA,CHFL,COVID19Death,vaccine,all,limited,2021-12-03_07-52-50,TRUE
202124,female,partially_vaccinated,0,34,624332,0,NA,CHFL,COVID19Death,vaccine,all,limited,2021-12-03_07-52-50,TRUE
202124,female,not_vaccinated,2,249,2282295,0.09,NA,CHFL,COVID19Death,vaccine,all,limited,2021-12-03_07-52-50,TRUE
202124,female,unknown,2,302,NA,NA,NA,CHFL,COVID19Death,vaccine,all,limited,2021-12-03_07-52-50,TRUE
202124,male,fully_vaccinated,0,20,1297785,0,NA,CHFL,COVID19Death,vaccine,all,limited,2021-12-03_07-52-50,TRUE
202124,male,partially_vaccinated,0,40,680762,0,NA,CHFL,COVID19Death,vaccine,all,limited,2021-12-03_07-52-50,TRUE
202124,male,not_vaccinated,5,347,2343420,0.21,NA,CHFL,COVID19Death,vaccine,all,limited,2021-12-03_07-52-50,TRUE
202124,male,unknown,3,341,NA,NA,NA,CHFL,COVID19Death,vaccine,all,limited,2021-12-03_07-52-50,TRUE
202124,unknown,fully_vaccinated,0,0,571,0,NA,CHFL,COVID19Death,vaccine,all,limited,2021-12-03_07-52-50,TRUE
202124,unknown,partially_vaccinated,0,0,509,0,NA,CHFL,COVID19Death,vaccine,all,limited,2021-12-03_07-52-50,TRUE
202124,unknown,not_vaccinated,0,0,NA,NA,NA,CHFL,COVID19Death,vaccine,all,limited,2021-12-03_07-52-50,TRUE
202124,unknown,unknown,0,0,NA,NA,NA,CHFL,COVID19Death,vaccine,all,limited,2021-12-03_07-52-50,TRUE
202125,female,fully_vaccinated,0,19,1627977,0,NA,CHFL,COVID19Death,vaccine,all,limited,2021-12-03_07-52-50,TRUE
202125,female,partially_vaccinated,0,34,585710,0,NA,CHFL,COVID19Death,vaccine,all,limited,2021-12-03_07-52-50,TRUE
202125,female,not_vaccinated,2,251,2173701,0.09,NA,CHFL,COVID19Death,vaccine,all,limited,2021-12-03_07-52-50,TRUE
202125,female,unknown,0,302,NA,NA,NA,CHFL,COVID19Death,vaccine,all,limited,2021-12-03_07-52-50,TRUE
202125,male,fully_vaccinated,1,21,1456924,0.07,NA,CHFL,COVID19Death,vaccine,all,limited,2021-12-03_07-52-50,TRUE
202125,male,partially_vaccinated,0,40,643303,0,NA,CHFL,COVID19Death,vaccine,all,limited,2021-12-03_07-52-50,TRUE
202125,male,not_vaccinated,2,349,2221740,0.09,NA,CHFL,COVID19Death,vaccine,all,limited,2021-12-03_07-52-50,TRUE
202125,male,unknown,2,343,NA,NA,NA,CHFL,COVID19Death,vaccine,all,limited,2021-12-03_07-52-50,TRUE
202125,unknown,fully_vaccinated,0,0,669,0,NA,CHFL,COVID19Death,vaccine,all,limited,2021-12-03_07-52-50,TRUE
202125,unknown,partially_vaccinated,0,0,558,0,NA,CHFL,COVID19Death,vaccine,all,limited,2021-12-03_07-52-50,TRUE
202125,unknown,not_vaccinated,0,0,NA,NA,NA,CHFL,COVID19Death,vaccine,all,limited,2021-12-03_07-52-50,TRUE
202125,unknown,unknown,0,0,NA,NA,NA,CHFL,COVID19Death,vaccine,all,limited,2021-12-03_07-52-50,TRUE
202126,female,fully_vaccinated,0,19,1786773,0,NA,CHFL,COVID19Death,vaccine,all,intermediate,2021-12-03_07-52-50,TRUE
202126,female,partially_vaccinated,0,34,488459,0,NA,CHFL,COVID19Death,vaccine,all,intermediate,2021-12-03_07-52-50,TRUE
202126,female,not_vaccinated,0,251,2112156,0,NA,CHFL,COVID19Death,vaccine,all,intermediate,2021-12-03_07-52-50,TRUE
202126,female,unknown,2,304,NA,NA,NA,CHFL,COVID19Death,vaccine,all,intermediate,2021-12-03_07-52-50,TRUE
202126,male,fully_vaccinated,0,21,1630156,0,NA,CHFL,COVID19Death,vaccine,all,intermediate,2021-12-03_07-52-50,TRUE
202126,male,partially_vaccinated,0,40,535642,0,NA,CHFL,COVID19Death,vaccine,all,intermediate,2021-12-03_07-52-50,TRUE
202126,male,not_vaccinated,1,350,2156169,0.05,NA,CHFL,COVID19Death,vaccine,all,intermediate,2021-12-03_07-52-50,TRUE
202126,male,unknown,0,343,NA,NA,NA,CHFL,COVID19Death,vaccine,all,intermediate,2021-12-03_07-52-50,TRUE
202126,unknown,fully_vaccinated,0,0,775,0,NA,CHFL,COVID19Death,vaccine,all,intermediate,2021-12-03_07-52-50,TRUE
202126,unknown,partially_vaccinated,0,0,525,0,NA,CHFL,COVID19Death,vaccine,all,intermediate,2021-12-03_07-52-50,TRUE
202126,unknown,not_vaccinated,0,0,NA,NA,NA,CHFL,COVID19Death,vaccine,all,intermediate,2021-12-03_07-52-50,TRUE
202126,unknown,unknown,0,0,NA,NA,NA,CHFL,COVID19Death,vaccine,all,intermediate,2021-12-03_07-52-50,TRUE
202127,female,fully_vaccinated,0,19,1945795,0,NA,CHFL,COVID19Death,vaccine,all,intermediate,2021-12-03_07-52-50,TRUE
202127,female,partially_vaccinated,0,34,371333,0,NA,CHFL,COVID19Death,vaccine,all,intermediate,2021-12-03_07-52-50,TRUE
202127,female,not_vaccinated,2,253,2070260,0.1,NA,CHFL,COVID19Death,vaccine,all,intermediate,2021-12-03_07-52-50,TRUE
202127,female,unknown,0,304,NA,NA,NA,CHFL,COVID19Death,vaccine,all,intermediate,2021-12-03_07-52-50,TRUE
202127,male,fully_vaccinated,0,21,1804624,0,NA,CHFL,COVID19Death,vaccine,all,intermediate,2021-12-03_07-52-50,TRUE
202127,male,partially_vaccinated,0,40,406609,0,NA,CHFL,COVID19Death,vaccine,all,intermediate,2021-12-03_07-52-50,TRUE
202127,male,not_vaccinated,1,351,2110734,0.05,NA,CHFL,COVID19Death,vaccine,all,intermediate,2021-12-03_07-52-50,TRUE
202127,male,unknown,0,343,NA,NA,NA,CHFL,COVID19Death,vaccine,all,intermediate,2021-12-03_07-52-50,TRUE
202127,unknown,fully_vaccinated,0,0,902,0,NA,CHFL,COVID19Death,vaccine,all,intermediate,2021-12-03_07-52-50,TRUE
202127,unknown,partially_vaccinated,0,0,443,0,NA,CHFL,COVID19Death,vaccine,all,intermediate,2021-12-03_07-52-50,TRUE
202127,unknown,not_vaccinated,0,0,NA,NA,NA,CHFL,COVID19Death,vaccine,all,intermediate,2021-12-03_07-52-50,TRUE
202127,unknown,unknown,0,0,NA,NA,NA,CHFL,COVID19Death,vaccine,all,intermediate,2021-12-03_07-52-50,TRUE
202128,female,fully_vaccinated,0,19,2084602,0,NA,CHFL,COVID19Death,vaccine,all,intermediate,2021-12-03_07-52-50,TRUE
202128,female,partially_vaccinated,0,34,268992,0,NA,CHFL,COVID19Death,vaccine,all,intermediate,2021-12-03_07-52-50,TRUE
202128,female,not_vaccinated,0,253,2033794,0,NA,CHFL,COVID19Death,vaccine,all,intermediate,2021-12-03_07-52-50,TRUE
202128,female,unknown,0,304,NA,NA,NA,CHFL,COVID19Death,vaccine,all,intermediate,2021-12-03_07-52-50,TRUE
202128,male,fully_vaccinated,1,22,1960258,0.05,NA,CHFL,COVID19Death,vaccine,all,intermediate,2021-12-03_07-52-50,TRUE
202128,male,partially_vaccinated,1,41,292085,0.34,NA,CHFL,COVID19Death,vaccine,all,intermediate,2021-12-03_07-52-50,TRUE
202128,male,not_vaccinated,0,351,2069624,0,NA,CHFL,COVID19Death,vaccine,all,intermediate,2021-12-03_07-52-50,TRUE
202128,male,unknown,0,343,NA,NA,NA,CHFL,COVID19Death,vaccine,all,intermediate,2021-12-03_07-52-50,TRUE
202128,unknown,fully_vaccinated,0,0,1064,0,NA,CHFL,COVID19Death,vaccine,all,intermediate,2021-12-03_07-52-50,TRUE
202128,unknown,partially_vaccinated,0,0,314,0,NA,CHFL,COVID19Death,vaccine,all,intermediate,2021-12-03_07-52-50,TRUE
202128,unknown,not_vaccinated,0,0,NA,NA,NA,CHFL,COVID19Death,vaccine,all,intermediate,2021-12-03_07-52-50,TRUE
202128,unknown,unknown,0,0,NA,NA,NA,CHFL,COVID19Death,vaccine,all,intermediate,2021-12-03_07-52-50,TRUE
202129,female,fully_vaccinated,0,19,2190963,0,NA,CHFL,COVID19Death,vaccine,all,intermediate,2021-12-03_07-52-50,TRUE
202129,female,partially_vaccinated,0,34,196935,0,NA,CHFL,COVID19Death,vaccine,all,intermediate,2021-12-03_07-52-50,TRUE
202129,female,not_vaccinated,0,253,1999490,0,NA,CHFL,COVID19Death,vaccine,all,intermediate,2021-12-03_07-52-50,TRUE
202129,female,unknown,0,304,NA,NA,NA,CHFL,COVID19Death,vaccine,all,intermediate,2021-12-03_07-52-50,TRUE
202129,male,fully_vaccinated,0,22,2080547,0,NA,CHFL,COVID19Death,vaccine,all,intermediate,2021-12-03_07-52-50,TRUE
202129,male,partially_vaccinated,0,41,207290,0,NA,CHFL,COVID19Death,vaccine,all,intermediate,2021-12-03_07-52-50,TRUE
202129,male,not_vaccinated,5,356,2034130,0.25,NA,CHFL,COVID19Death,vaccine,all,intermediate,2021-12-03_07-52-50,TRUE
202129,male,unknown,0,343,NA,NA,NA,CHFL,COVID19Death,vaccine,all,intermediate,2021-12-03_07-52-50,TRUE
202129,unknown,fully_vaccinated,0,0,1203,0,NA,CHFL,COVID19Death,vaccine,all,intermediate,2021-12-03_07-52-50,TRUE
202129,unknown,partially_vaccinated,0,0,207,0,NA,CHFL,COVID19Death,vaccine,all,intermediate,2021-12-03_07-52-50,TRUE
202129,unknown,not_vaccinated,0,0,NA,NA,NA,CHFL,COVID19Death,vaccine,all,intermediate,2021-12-03_07-52-50,TRUE
202129,unknown,unknown,0,0,NA,NA,NA,CHFL,COVID19Death,vaccine,all,intermediate,2021-12-03_07-52-50,TRUE
202130,female,fully_vaccinated,1,20,2250699,0.04,NA,CHFL,COVID19Death,vaccine,all,intermediate,2021-12-03_07-52-50,TRUE
202130,female,partially_vaccinated,0,34,169416,0,NA,CHFL,COVID19Death,vaccine,all,intermediate,2021-12-03_07-52-50,TRUE
202130,female,not_vaccinated,2,255,1967273,0.1,NA,CHFL,COVID19Death,vaccine,all,intermediate,2021-12-03_07-52-50,TRUE
202130,female,unknown,2,306,NA,NA,NA,CHFL,COVID19Death,vaccine,all,intermediate,2021-12-03_07-52-50,TRUE
202130,male,fully_vaccinated,0,22,2145462,0,NA,CHFL,COVID19Death,vaccine,all,intermediate,2021-12-03_07-52-50,TRUE
202130,male,partially_vaccinated,0,41,175972,0,NA,CHFL,COVID19Death,vaccine,all,intermediate,2021-12-03_07-52-50,TRUE
202130,male,not_vaccinated,6,362,2000533,0.3,NA,CHFL,COVID19Death,vaccine,all,intermediate,2021-12-03_07-52-50,TRUE
202130,male,unknown,0,343,NA,NA,NA,CHFL,COVID19Death,vaccine,all,intermediate,2021-12-03_07-52-50,TRUE
202130,unknown,fully_vaccinated,0,0,1283,0,NA,CHFL,COVID19Death,vaccine,all,intermediate,2021-12-03_07-52-50,TRUE
202130,unknown,partially_vaccinated,0,0,159,0,NA,CHFL,COVID19Death,vaccine,all,intermediate,2021-12-03_07-52-50,TRUE
202130,unknown,not_vaccinated,0,0,NA,NA,NA,CHFL,COVID19Death,vaccine,all,intermediate,2021-12-03_07-52-50,TRUE
202130,unknown,unknown,0,0,NA,NA,NA,CHFL,COVID19Death,vaccine,all,intermediate,2021-12-03_07-52-50,TRUE
202131,female,fully_vaccinated,0,20,2292540,0,NA,CHFL,COVID19Death,vaccine,all,intermediate,2021-12-03_07-52-50,TRUE
202131,female,partially_vaccinated,0,34,153793,0,NA,CHFL,COVID19Death,vaccine,all,intermediate,2021-12-03_07-52-50,TRUE
202131,female,not_vaccinated,3,258,1941055,0.15,NA,CHFL,COVID19Death,vaccine,all,intermediate,2021-12-03_07-52-50,TRUE
202131,female,unknown,0,306,NA,NA,NA,CHFL,COVID19Death,vaccine,all,intermediate,2021-12-03_07-52-50,TRUE
202131,male,fully_vaccinated,0,22,2189546,0,NA,CHFL,COVID19Death,vaccine,all,intermediate,2021-12-03_07-52-50,TRUE
202131,male,partially_vaccinated,0,41,159482,0,NA,CHFL,COVID19Death,vaccine,all,intermediate,2021-12-03_07-52-50,TRUE
202131,male,not_vaccinated,0,362,1972939,0,NA,CHFL,COVID19Death,vaccine,all,intermediate,2021-12-03_07-52-50,TRUE
202131,male,unknown,0,343,NA,NA,NA,CHFL,COVID19Death,vaccine,all,intermediate,2021-12-03_07-52-50,TRUE
202131,unknown,fully_vaccinated,0,0,1328,0,NA,CHFL,COVID19Death,vaccine,all,intermediate,2021-12-03_07-52-50,TRUE
202131,unknown,partially_vaccinated,0,0,127,0,NA,CHFL,COVID19Death,vaccine,all,intermediate,2021-12-03_07-52-50,TRUE
202131,unknown,not_vaccinated,0,0,NA,NA,NA,CHFL,COVID19Death,vaccine,all,intermediate,2021-12-03_07-52-50,TRUE
202131,unknown,unknown,0,0,NA,NA,NA,CHFL,COVID19Death,vaccine,all,intermediate,2021-12-03_07-52-50,TRUE
202132,female,fully_vaccinated,2,22,2330366,0.09,NA,CHFL,COVID19Death,vaccine,all,intermediate,2021-12-03_07-52-50,TRUE
202132,female,partially_vaccinated,0,34,146819,0,NA,CHFL,COVID19Death,vaccine,all,intermediate,2021-12-03_07-52-50,TRUE
202132,female,not_vaccinated,3,261,1910203,0.16,NA,CHFL,COVID19Death,vaccine,all,intermediate,2021-12-03_07-52-50,TRUE
202132,female,unknown,1,307,NA,NA,NA,CHFL,COVID19Death,vaccine,all,intermediate,2021-12-03_07-52-50,TRUE
202132,male,fully_vaccinated,2,24,2231372,0.09,NA,CHFL,COVID19Death,vaccine,all,intermediate,2021-12-03_07-52-50,TRUE
202132,male,partially_vaccinated,0,41,149413,0,NA,CHFL,COVID19Death,vaccine,all,intermediate,2021-12-03_07-52-50,TRUE
202132,male,not_vaccinated,3,365,1941182,0.15,NA,CHFL,COVID19Death,vaccine,all,intermediate,2021-12-03_07-52-50,TRUE
202132,male,unknown,3,346,NA,NA,NA,CHFL,COVID19Death,vaccine,all,intermediate,2021-12-03_07-52-50,TRUE
202132,unknown,fully_vaccinated,0,0,1360,0,NA,CHFL,COVID19Death,vaccine,all,intermediate,2021-12-03_07-52-50,TRUE
202132,unknown,partially_vaccinated,0,0,119,0,NA,CHFL,COVID19Death,vaccine,all,intermediate,2021-12-03_07-52-50,TRUE
202132,unknown,not_vaccinated,0,0,NA,NA,NA,CHFL,COVID19Death,vaccine,all,intermediate,2021-12-03_07-52-50,TRUE
202132,unknown,unknown,0,0,NA,NA,NA,CHFL,COVID19Death,vaccine,all,intermediate,2021-12-03_07-52-50,TRUE
202133,female,fully_vaccinated,5,27,2367747,0.21,NA,CHFL,COVID19Death,vaccine,all,intermediate,2021-12-03_07-52-50,TRUE
202133,female,partially_vaccinated,0,34,145792,0,NA,CHFL,COVID19Death,vaccine,all,intermediate,2021-12-03_07-52-50,TRUE
202133,female,not_vaccinated,7,268,1873849,0.37,NA,CHFL,COVID19Death,vaccine,all,intermediate,2021-12-03_07-52-50,TRUE
202133,female,unknown,2,309,NA,NA,NA,CHFL,COVID19Death,vaccine,all,intermediate,2021-12-03_07-52-50,TRUE
202133,male,fully_vaccinated,4,28,2270939,0.18,NA,CHFL,COVID19Death,vaccine,all,intermediate,2021-12-03_07-52-50,TRUE
202133,male,partially_vaccinated,0,41,146527,0,NA,CHFL,COVID19Death,vaccine,all,intermediate,2021-12-03_07-52-50,TRUE
202133,male,not_vaccinated,6,371,1904501,0.32,NA,CHFL,COVID19Death,vaccine,all,intermediate,2021-12-03_07-52-50,TRUE
202133,male,unknown,1,347,NA,NA,NA,CHFL,COVID19Death,vaccine,all,intermediate,2021-12-03_07-52-50,TRUE
202133,unknown,fully_vaccinated,0,0,1389,0,NA,CHFL,COVID19Death,vaccine,all,intermediate,2021-12-03_07-52-50,TRUE
202133,unknown,partially_vaccinated,0,0,121,0,NA,CHFL,COVID19Death,vaccine,all,intermediate,2021-12-03_07-52-50,TRUE
202133,unknown,not_vaccinated,0,0,NA,NA,NA,CHFL,COVID19Death,vaccine,all,intermediate,2021-12-03_07-52-50,TRUE
202133,unknown,unknown,0,0,NA,NA,NA,CHFL,COVID19Death,vaccine,all,intermediate,2021-12-03_07-52-50,TRUE
202134,female,fully_vaccinated,2,29,2404158,0.08,NA,CHFL,COVID19Death,vaccine,all,intermediate,2021-12-03_07-52-50,TRUE
202134,female,partially_vaccinated,0,34,155972,0,NA,CHFL,COVID19Death,vaccine,all,intermediate,2021-12-03_07-52-50,TRUE
202134,female,not_vaccinated,13,281,1827258,0.71,NA,CHFL,COVID19Death,vaccine,all,intermediate,2021-12-03_07-52-50,TRUE
202134,female,unknown,4,313,NA,NA,NA,CHFL,COVID19Death,vaccine,all,intermediate,2021-12-03_07-52-50,TRUE
202134,male,fully_vaccinated,4,32,2308622,0.17,NA,CHFL,COVID19Death,vaccine,all,intermediate,2021-12-03_07-52-50,TRUE
202134,male,partially_vaccinated,0,41,154748,0,NA,CHFL,COVID19Death,vaccine,all,intermediate,2021-12-03_07-52-50,TRUE
202134,male,not_vaccinated,15,386,1858597,0.81,NA,CHFL,COVID19Death,vaccine,all,intermediate,2021-12-03_07-52-50,TRUE
202134,male,unknown,4,351,NA,NA,NA,CHFL,COVID19Death,vaccine,all,intermediate,2021-12-03_07-52-50,TRUE
202134,unknown,fully_vaccinated,0,0,1424,0,NA,CHFL,COVID19Death,vaccine,all,intermediate,2021-12-03_07-52-50,TRUE
202134,unknown,partially_vaccinated,0,0,122,0,NA,CHFL,COVID19Death,vaccine,all,intermediate,2021-12-03_07-52-50,TRUE
202134,unknown,not_vaccinated,0,0,NA,NA,NA,CHFL,COVID19Death,vaccine,all,intermediate,2021-12-03_07-52-50,TRUE
202134,unknown,unknown,0,0,NA,NA,NA,CHFL,COVID19Death,vaccine,all,intermediate,2021-12-03_07-52-50,TRUE
202135,female,fully_vaccinated,4,33,2434346,0.16,NA,CHFL,COVID19Death,vaccine,all,intermediate,2021-12-03_07-52-50,TRUE
202135,female,partially_vaccinated,0,34,177017,0,NA,CHFL,COVID19Death,vaccine,all,intermediate,2021-12-03_07-52-50,TRUE
202135,female,not_vaccinated,10,291,1776025,0.56,NA,CHFL,COVID19Death,vaccine,all,intermediate,2021-12-03_07-52-50,TRUE
202135,female,unknown,3,316,NA,NA,NA,CHFL,COVID19Death,vaccine,all,intermediate,2021-12-03_07-52-50,TRUE
202135,male,fully_vaccinated,11,43,2339849,0.47,NA,CHFL,COVID19Death,vaccine,all,intermediate,2021-12-03_07-52-50,TRUE
202135,male,partially_vaccinated,0,41,174536,0,NA,CHFL,COVID19Death,vaccine,all,intermediate,2021-12-03_07-52-50,TRUE
202135,male,not_vaccinated,21,407,1807582,1.16,NA,CHFL,COVID19Death,vaccine,all,intermediate,2021-12-03_07-52-50,TRUE
202135,male,unknown,3,354,NA,NA,NA,CHFL,COVID19Death,vaccine,all,intermediate,2021-12-03_07-52-50,TRUE
202135,unknown,fully_vaccinated,0,0,1447,0,NA,CHFL,COVID19Death,vaccine,all,intermediate,2021-12-03_07-52-50,TRUE
202135,unknown,partially_vaccinated,0,0,131,0,NA,CHFL,COVID19Death,vaccine,all,intermediate,2021-12-03_07-52-50,TRUE
202135,unknown,not_vaccinated,0,0,NA,NA,NA,CHFL,COVID19Death,vaccine,all,intermediate,2021-12-03_07-52-50,TRUE
202135,unknown,unknown,0,0,NA,NA,NA,CHFL,COVID19Death,vaccine,all,intermediate,2021-12-03_07-52-50,TRUE
202136,female,fully_vaccinated,9,42,2470088,0.36,NA,CHFL,COVID19Death,vaccine,all,intermediate,2021-12-03_07-52-50,TRUE
202136,female,partially_vaccinated,0,34,205770,0,NA,CHFL,COVID19Death,vaccine,all,intermediate,2021-12-03_07-52-50,TRUE
202136,female,not_vaccinated,15,306,1711530,0.88,NA,CHFL,COVID19Death,vaccine,all,intermediate,2021-12-03_07-52-50,TRUE
202136,female,unknown,6,322,NA,NA,NA,CHFL,COVID19Death,vaccine,all,intermediate,2021-12-03_07-52-50,TRUE
202136,male,fully_vaccinated,6,49,2376423,0.25,NA,CHFL,COVID19Death,vaccine,all,intermediate,2021-12-03_07-52-50,TRUE
202136,male,partially_vaccinated,0,41,206227,0,NA,CHFL,COVID19Death,vaccine,all,intermediate,2021-12-03_07-52-50,TRUE
202136,male,not_vaccinated,13,420,1739317,0.75,NA,CHFL,COVID19Death,vaccine,all,intermediate,2021-12-03_07-52-50,TRUE
202136,male,unknown,5,359,NA,NA,NA,CHFL,COVID19Death,vaccine,all,intermediate,2021-12-03_07-52-50,TRUE
202136,unknown,fully_vaccinated,0,0,1473,0,NA,CHFL,COVID19Death,vaccine,all,intermediate,2021-12-03_07-52-50,TRUE
202136,unknown,partially_vaccinated,0,0,149,0,NA,CHFL,COVID19Death,vaccine,all,intermediate,2021-12-03_07-52-50,TRUE
202136,unknown,not_vaccinated,0,0,NA,NA,NA,CHFL,COVID19Death,vaccine,all,intermediate,2021-12-03_07-52-50,TRUE
202136,unknown,unknown,0,0,NA,NA,NA,CHFL,COVID19Death,vaccine,all,intermediate,2021-12-03_07-52-50,TRUE
202137,female,fully_vaccinated,6,48,2514079,0.24,NA,CHFL,COVID19Death,vaccine,all,intermediate,2021-12-03_07-52-50,TRUE
202137,female,partially_vaccinated,0,34,233356,0,NA,CHFL,COVID19Death,vaccine,all,intermediate,2021-12-03_07-52-50,TRUE
202137,female,not_vaccinated,11,317,1639953,0.67,NA,CHFL,COVID19Death,vaccine,all,intermediate,2021-12-03_07-52-50,TRUE
202137,female,unknown,2,324,NA,NA,NA,CHFL,COVID19Death,vaccine,all,intermediate,2021-12-03_07-52-50,TRUE
202137,male,fully_vaccinated,9,58,2420880,0.37,NA,CHFL,COVID19Death,vaccine,all,intermediate,2021-12-03_07-52-50,TRUE
202137,male,partially_vaccinated,0,41,239754,0,NA,CHFL,COVID19Death,vaccine,all,intermediate,2021-12-03_07-52-50,TRUE
202137,male,not_vaccinated,12,432,1661333,0.72,NA,CHFL,COVID19Death,vaccine,all,intermediate,2021-12-03_07-52-50,TRUE
202137,male,unknown,2,361,NA,NA,NA,CHFL,COVID19Death,vaccine,all,intermediate,2021-12-03_07-52-50,TRUE
202137,unknown,fully_vaccinated,0,0,1509,0,NA,CHFL,COVID19Death,vaccine,all,intermediate,2021-12-03_07-52-50,TRUE
202137,unknown,partially_vaccinated,0,0,195,0,NA,CHFL,COVID19Death,vaccine,all,intermediate,2021-12-03_07-52-50,TRUE
202137,unknown,not_vaccinated,0,0,NA,NA,NA,CHFL,COVID19Death,vaccine,all,intermediate,2021-12-03_07-52-50,TRUE
202137,unknown,unknown,0,0,NA,NA,NA,CHFL,COVID19Death,vaccine,all,intermediate,2021-12-03_07-52-50,TRUE
202138,female,fully_vaccinated,8,56,2562430,0.31,NA,CHFL,COVID19Death,vaccine,all,intermediate,2021-12-03_07-52-50,TRUE
202138,female,partially_vaccinated,0,34,238089,0,NA,CHFL,COVID19Death,vaccine,all,intermediate,2021-12-03_07-52-50,TRUE
202138,female,not_vaccinated,10,327,1586869,0.63,NA,CHFL,COVID19Death,vaccine,all,intermediate,2021-12-03_07-52-50,TRUE
202138,female,unknown,2,326,NA,NA,NA,CHFL,COVID19Death,vaccine,all,intermediate,2021-12-03_07-52-50,TRUE
202138,male,fully_vaccinated,9,67,2469020,0.36,NA,CHFL,COVID19Death,vaccine,all,intermediate,2021-12-03_07-52-50,TRUE
202138,male,partially_vaccinated,2,43,249261,0.8,NA,CHFL,COVID19Death,vaccine,all,intermediate,2021-12-03_07-52-50,TRUE
202138,male,not_vaccinated,10,442,1603686,0.62,NA,CHFL,COVID19Death,vaccine,all,intermediate,2021-12-03_07-52-50,TRUE
202138,male,unknown,1,362,NA,NA,NA,CHFL,COVID19Death,vaccine,all,intermediate,2021-12-03_07-52-50,TRUE
202138,unknown,fully_vaccinated,0,0,1551,0,NA,CHFL,COVID19Death,vaccine,all,intermediate,2021-12-03_07-52-50,TRUE
202138,unknown,partially_vaccinated,0,0,201,0,NA,CHFL,COVID19Death,vaccine,all,intermediate,2021-12-03_07-52-50,TRUE
202138,unknown,not_vaccinated,0,0,NA,NA,NA,CHFL,COVID19Death,vaccine,all,intermediate,2021-12-03_07-52-50,TRUE
202138,unknown,unknown,0,0,NA,NA,NA,CHFL,COVID19Death,vaccine,all,intermediate,2021-12-03_07-52-50,TRUE
202139,female,fully_vaccinated,2,58,2612599,0.08,NA,CHFL,COVID19Death,vaccine,all,intermediate,2021-12-03_07-52-50,TRUE
202139,female,partially_vaccinated,0,34,222710,0,NA,CHFL,COVID19Death,vaccine,all,intermediate,2021-12-03_07-52-50,TRUE
202139,female,not_vaccinated,10,337,1552079,0.64,NA,CHFL,COVID19Death,vaccine,all,intermediate,2021-12-03_07-52-50,TRUE
202139,female,unknown,0,326,NA,NA,NA,CHFL,COVID19Death,vaccine,all,intermediate,2021-12-03_07-52-50,TRUE
202139,male,fully_vaccinated,1,68,2518999,0.04,NA,CHFL,COVID19Death,vaccine,all,intermediate,2021-12-03_07-52-50,TRUE
202139,male,partially_vaccinated,0,43,235545,0,NA,CHFL,COVID19Death,vaccine,all,intermediate,2021-12-03_07-52-50,TRUE
202139,male,not_vaccinated,20,462,1567423,1.28,NA,CHFL,COVID19Death,vaccine,all,intermediate,2021-12-03_07-52-50,TRUE
202139,male,unknown,1,363,NA,NA,NA,CHFL,COVID19Death,vaccine,all,intermediate,2021-12-03_07-52-50,TRUE
202139,unknown,fully_vaccinated,0,0,1581,0,NA,CHFL,COVID19Death,vaccine,all,intermediate,2021-12-03_07-52-50,TRUE
202139,unknown,partially_vaccinated,0,0,200,0,NA,CHFL,COVID19Death,vaccine,all,intermediate,2021-12-03_07-52-50,TRUE
202139,unknown,not_vaccinated,0,0,NA,NA,NA,CHFL,COVID19Death,vaccine,all,intermediate,2021-12-03_07-52-50,TRUE
202139,unknown,unknown,0,0,NA,NA,NA,CHFL,COVID19Death,vaccine,all,intermediate,2021-12-03_07-52-50,TRUE
202140,female,fully_vaccinated,5,63,2669655,0.19,NA,CHFL,COVID19Death,vaccine,all,intermediate,2021-12-03_07-52-50,TRUE
202140,female,partially_vaccinated,0,34,191198,0,NA,CHFL,COVID19Death,vaccine,all,intermediate,2021-12-03_07-52-50,TRUE
202140,female,not_vaccinated,8,345,1526535,0.52,NA,CHFL,COVID19Death,vaccine,all,intermediate,2021-12-03_07-52-50,TRUE
202140,female,unknown,0,326,NA,NA,NA,CHFL,COVID19Death,vaccine,all,intermediate,2021-12-03_07-52-50,TRUE
202140,male,fully_vaccinated,5,73,2579626,0.19,NA,CHFL,COVID19Death,vaccine,all,intermediate,2021-12-03_07-52-50,TRUE
202140,male,partially_vaccinated,1,44,201828,0.5,NA,CHFL,COVID19Death,vaccine,all,intermediate,2021-12-03_07-52-50,TRUE
202140,male,not_vaccinated,6,468,1540513,0.39,NA,CHFL,COVID19Death,vaccine,all,intermediate,2021-12-03_07-52-50,TRUE
202140,male,unknown,6,369,NA,NA,NA,CHFL,COVID19Death,vaccine,all,intermediate,2021-12-03_07-52-50,TRUE
202140,unknown,fully_vaccinated,0,0,1674,0,NA,CHFL,COVID19Death,vaccine,all,intermediate,2021-12-03_07-52-50,TRUE
202140,unknown,partially_vaccinated,0,0,132,0,NA,CHFL,COVID19Death,vaccine,all,intermediate,2021-12-03_07-52-50,TRUE
202140,unknown,not_vaccinated,0,0,NA,NA,NA,CHFL,COVID19Death,vaccine,all,intermediate,2021-12-03_07-52-50,TRUE
202140,unknown,unknown,0,0,NA,NA,NA,CHFL,COVID19Death,vaccine,all,intermediate,2021-12-03_07-52-50,TRUE
202141,female,fully_vaccinated,3,66,2732004,0.11,NA,CHFL,COVID19Death,vaccine,all,intermediate,2021-12-03_07-52-50,TRUE
202141,female,partially_vaccinated,0,34,151419,0,NA,CHFL,COVID19Death,vaccine,all,intermediate,2021-12-03_07-52-50,TRUE
202141,female,not_vaccinated,8,353,1503965,0.53,NA,CHFL,COVID19Death,vaccine,all,intermediate,2021-12-03_07-52-50,TRUE
202141,female,unknown,1,327,NA,NA,NA,CHFL,COVID19Death,vaccine,all,intermediate,2021-12-03_07-52-50,TRUE
202141,male,fully_vaccinated,9,82,2648413,0.34,NA,CHFL,COVID19Death,vaccine,all,intermediate,2021-12-03_07-52-50,TRUE
202141,male,partially_vaccinated,0,44,157587,0,NA,CHFL,COVID19Death,vaccine,all,intermediate,2021-12-03_07-52-50,TRUE
202141,male,not_vaccinated,8,476,1515967,0.53,NA,CHFL,COVID19Death,vaccine,all,intermediate,2021-12-03_07-52-50,TRUE
202141,male,unknown,3,372,NA,NA,NA,CHFL,COVID19Death,vaccine,all,intermediate,2021-12-03_07-52-50,TRUE
202141,unknown,fully_vaccinated,0,0,1732,0,NA,CHFL,COVID19Death,vaccine,all,intermediate,2021-12-03_07-52-50,TRUE
202141,unknown,partially_vaccinated,0,0,112,0,NA,CHFL,COVID19Death,vaccine,all,intermediate,2021-12-03_07-52-50,TRUE
202141,unknown,not_vaccinated,0,0,NA,NA,NA,CHFL,COVID19Death,vaccine,all,intermediate,2021-12-03_07-52-50,TRUE
202141,unknown,unknown,0,0,NA,NA,NA,CHFL,COVID19Death,vaccine,all,intermediate,2021-12-03_07-52-50,TRUE
202142,female,fully_vaccinated,3,69,2785009,0.11,NA,CHFL,COVID19Death,vaccine,all,intermediate,2021-12-03_07-52-50,TRUE
202142,female,partially_vaccinated,0,34,116551,0,NA,CHFL,COVID19Death,vaccine,all,intermediate,2021-12-03_07-52-50,TRUE
202142,female,not_vaccinated,11,364,1485828,0.74,NA,CHFL,COVID19Death,vaccine,all,intermediate,2021-12-03_07-52-50,TRUE
202142,female,unknown,2,329,NA,NA,NA,CHFL,COVID19Death,vaccine,all,intermediate,2021-12-03_07-52-50,TRUE
202142,male,fully_vaccinated,9,91,2706678,0.33,NA,CHFL,COVID19Death,vaccine,all,intermediate,2021-12-03_07-52-50,TRUE
202142,male,partially_vaccinated,0,44,118684,0,NA,CHFL,COVID19Death,vaccine,all,intermediate,2021-12-03_07-52-50,TRUE
202142,male,not_vaccinated,5,481,1496605,0.33,NA,CHFL,COVID19Death,vaccine,all,intermediate,2021-12-03_07-52-50,TRUE
202142,male,unknown,2,374,NA,NA,NA,CHFL,COVID19Death,vaccine,all,intermediate,2021-12-03_07-52-50,TRUE
202142,unknown,fully_vaccinated,0,0,1770,0,NA,CHFL,COVID19Death,vaccine,all,intermediate,2021-12-03_07-52-50,TRUE
202142,unknown,partially_vaccinated,0,0,93,0,NA,CHFL,COVID19Death,vaccine,all,intermediate,2021-12-03_07-52-50,TRUE
202142,unknown,not_vaccinated,0,0,NA,NA,NA,CHFL,COVID19Death,vaccine,all,intermediate,2021-12-03_07-52-50,TRUE
202142,unknown,unknown,0,0,NA,NA,NA,CHFL,COVID19Death,vaccine,all,intermediate,2021-12-03_07-52-50,TRUE
202143,female,fully_vaccinated,9,78,2820984,0.32,NA,CHFL,COVID19Death,vaccine,all,intermediate,2021-12-03_07-52-50,TRUE
202143,female,partially_vaccinated,2,36,94555,2.12,NA,CHFL,COVID19Death,vaccine,all,intermediate,2021-12-03_07-52-50,TRUE
202143,female,not_vaccinated,6,370,1471849,0.41,NA,CHFL,COVID19Death,vaccine,all,intermediate,2021-12-03_07-52-50,TRUE
202143,female,unknown,2,331,NA,NA,NA,CHFL,COVID19Death,vaccine,all,intermediate,2021-12-03_07-52-50,TRUE
202143,male,fully_vaccinated,10,101,2745703,0.36,NA,CHFL,COVID19Death,vaccine,all,intermediate,2021-12-03_07-52-50,TRUE
202143,male,partially_vaccinated,1,45,94262,1.06,NA,CHFL,COVID19Death,vaccine,all,intermediate,2021-12-03_07-52-50,TRUE
202143,male,not_vaccinated,11,492,1482002,0.74,NA,CHFL,COVID19Death,vaccine,all,intermediate,2021-12-03_07-52-50,TRUE
202143,male,unknown,3,377,NA,NA,NA,CHFL,COVID19Death,vaccine,all,intermediate,2021-12-03_07-52-50,TRUE
202143,unknown,fully_vaccinated,0,0,1814,0,NA,CHFL,COVID19Death,vaccine,all,intermediate,2021-12-03_07-52-50,TRUE
202143,unknown,partially_vaccinated,0,0,62,0,NA,CHFL,COVID19Death,vaccine,all,intermediate,2021-12-03_07-52-50,TRUE
202143,unknown,not_vaccinated,0,0,NA,NA,NA,CHFL,COVID19Death,vaccine,all,intermediate,2021-12-03_07-52-50,TRUE
202143,unknown,unknown,0,0,NA,NA,NA,CHFL,COVID19Death,vaccine,all,intermediate,2021-12-03_07-52-50,TRUE
202144,female,fully_vaccinated,8,86,2845158,0.28,NA,CHFL,COVID19Death,vaccine,all,intermediate,2021-12-03_07-52-50,TRUE
202144,female,partially_vaccinated,0,36,82402,0,NA,CHFL,COVID19Death,vaccine,all,intermediate,2021-12-03_07-52-50,TRUE
202144,female,not_vaccinated,6,376,1459828,0.41,NA,CHFL,COVID19Death,vaccine,all,intermediate,2021-12-03_07-52-50,TRUE
202144,female,unknown,2,333,NA,NA,NA,CHFL,COVID19Death,vaccine,all,intermediate,2021-12-03_07-52-50,TRUE
202144,male,fully_vaccinated,7,108,2772162,0.25,NA,CHFL,COVID19Death,vaccine,all,intermediate,2021-12-03_07-52-50,TRUE
202144,male,partially_vaccinated,0,45,80879,0,NA,CHFL,COVID19Death,vaccine,all,intermediate,2021-12-03_07-52-50,TRUE
202144,male,not_vaccinated,8,500,1468926,0.54,NA,CHFL,COVID19Death,vaccine,all,intermediate,2021-12-03_07-52-50,TRUE
202144,male,unknown,1,378,NA,NA,NA,CHFL,COVID19Death,vaccine,all,intermediate,2021-12-03_07-52-50,TRUE
202144,unknown,fully_vaccinated,0,0,1843,0,NA,CHFL,COVID19Death,vaccine,all,intermediate,2021-12-03_07-52-50,TRUE
202144,unknown,partially_vaccinated,0,0,48,0,NA,CHFL,COVID19Death,vaccine,all,intermediate,2021-12-03_07-52-50,TRUE
202144,unknown,not_vaccinated,0,0,NA,NA,NA,CHFL,COVID19Death,vaccine,all,intermediate,2021-12-03_07-52-50,TRUE
202144,unknown,unknown,0,0,NA,NA,NA,CHFL,COVID19Death,vaccine,all,intermediate,2021-12-03_07-52-50,TRUE
202145,female,fully_vaccinated,12,98,2866762,0.42,NA,CHFL,COVID19Death,vaccine,all,intermediate,2021-12-03_07-52-50,TRUE
202145,female,partially_vaccinated,0,36,77681,0,NA,CHFL,COVID19Death,vaccine,all,intermediate,2021-12-03_07-52-50,TRUE
202145,female,not_vaccinated,19,395,1442945,1.32,NA,CHFL,COVID19Death,vaccine,all,intermediate,2021-12-03_07-52-50,TRUE
202145,female,unknown,3,336,NA,NA,NA,CHFL,COVID19Death,vaccine,all,intermediate,2021-12-03_07-52-50,TRUE
202145,male,fully_vaccinated,9,117,2795748,0.32,NA,CHFL,COVID19Death,vaccine,all,intermediate,2021-12-03_07-52-50,TRUE
202145,male,partially_vaccinated,0,45,75578,0,NA,CHFL,COVID19Death,vaccine,all,intermediate,2021-12-03_07-52-50,TRUE
202145,male,not_vaccinated,14,514,1450641,0.97,NA,CHFL,COVID19Death,vaccine,all,intermediate,2021-12-03_07-52-50,TRUE
202145,male,unknown,2,380,NA,NA,NA,CHFL,COVID19Death,vaccine,all,intermediate,2021-12-03_07-52-50,TRUE
202145,unknown,fully_vaccinated,0,0,1870,0,NA,CHFL,COVID19Death,vaccine,all,intermediate,2021-12-03_07-52-50,TRUE
202145,unknown,partially_vaccinated,0,0,41,0,NA,CHFL,COVID19Death,vaccine,all,intermediate,2021-12-03_07-52-50,TRUE
202145,unknown,not_vaccinated,0,0,NA,NA,NA,CHFL,COVID19Death,vaccine,all,intermediate,2021-12-03_07-52-50,TRUE
202145,unknown,unknown,0,0,NA,NA,NA,CHFL,COVID19Death,vaccine,all,intermediate,2021-12-03_07-52-50,TRUE
202146,female,fully_vaccinated,16,114,2882881,0.56,NA,CHFL,COVID19Death,vaccine,all,intermediate,2021-12-03_07-52-50,TRUE
202146,female,partially_vaccinated,0,36,73940,0,NA,CHFL,COVID19Death,vaccine,all,intermediate,2021-12-03_07-52-50,TRUE
202146,female,not_vaccinated,15,410,1430567,1.05,NA,CHFL,COVID19Death,vaccine,all,intermediate,2021-12-03_07-52-50,TRUE
202146,female,unknown,6,342,NA,NA,NA,CHFL,COVID19Death,vaccine,all,intermediate,2021-12-03_07-52-50,TRUE
202146,male,fully_vaccinated,12,129,2812842,0.43,NA,CHFL,COVID19Death,vaccine,all,intermediate,2021-12-03_07-52-50,TRUE
202146,male,partially_vaccinated,0,45,71402,0,NA,CHFL,COVID19Death,vaccine,all,intermediate,2021-12-03_07-52-50,TRUE
202146,male,not_vaccinated,13,527,1437723,0.9,NA,CHFL,COVID19Death,vaccine,all,intermediate,2021-12-03_07-52-50,TRUE
202146,male,unknown,5,385,NA,NA,NA,CHFL,COVID19Death,vaccine,all,intermediate,2021-12-03_07-52-50,TRUE
202146,unknown,fully_vaccinated,0,0,1892,0,NA,CHFL,COVID19Death,vaccine,all,intermediate,2021-12-03_07-52-50,TRUE
202146,unknown,partially_vaccinated,0,0,34,0,NA,CHFL,COVID19Death,vaccine,all,intermediate,2021-12-03_07-52-50,TRUE
202146,unknown,not_vaccinated,0,0,NA,NA,NA,CHFL,COVID19Death,vaccine,all,intermediate,2021-12-03_07-52-50,TRUE
202146,unknown,unknown,0,0,NA,NA,NA,CHFL,COVID19Death,vaccine,all,intermediate,2021-12-03_07-52-50,TRUE
202147,female,fully_vaccinated,18,132,2896354,0.62,NA,CHFL,COVID19Death,vaccine,all,intermediate,2021-12-03_07-52-50,TRUE
202147,female,partially_vaccinated,0,36,71796,0,NA,CHFL,COVID19Death,vaccine,all,intermediate,2021-12-03_07-52-50,TRUE
202147,female,not_vaccinated,23,433,1419238,1.62,NA,CHFL,COVID19Death,vaccine,all,intermediate,2021-12-03_07-52-50,TRUE
202147,female,unknown,8,350,NA,NA,NA,CHFL,COVID19Death,vaccine,all,intermediate,2021-12-03_07-52-50,TRUE
202147,male,fully_vaccinated,29,158,2826969,1.03,NA,CHFL,COVID19Death,vaccine,all,intermediate,2021-12-03_07-52-50,TRUE
202147,male,partially_vaccinated,0,45,68737,0,NA,CHFL,COVID19Death,vaccine,all,intermediate,2021-12-03_07-52-50,TRUE
202147,male,not_vaccinated,16,543,1426261,1.12,NA,CHFL,COVID19Death,vaccine,all,intermediate,2021-12-03_07-52-50,TRUE
202147,male,unknown,9,394,NA,NA,NA,CHFL,COVID19Death,vaccine,all,intermediate,2021-12-03_07-52-50,TRUE
202147,unknown,fully_vaccinated,0,0,1897,0,NA,CHFL,COVID19Death,vaccine,all,intermediate,2021-12-03_07-52-50,TRUE
202147,unknown,partially_vaccinated,0,0,40,0,NA,CHFL,COVID19Death,vaccine,all,intermediate,2021-12-03_07-52-50,TRUE
202147,unknown,not_vaccinated,0,0,NA,NA,NA,CHFL,COVID19Death,vaccine,all,intermediate,2021-12-03_07-52-50,TRUE
202147,unknown,unknown,0,0,NA,NA,NA,CHFL,COVID19Death,vaccine,all,intermediate,2021-12-03_07-52-50,TRUE
202104,all,fully_vaccinated,0,0,15222,0,NA,CHFL,COVID19Death,vaccine,all,limited,2021-12-03_07-52-50,TRUE
202104,all,partially_vaccinated,8,8,274625,2.91,NA,CHFL,COVID19Death,vaccine,all,limited,2021-12-03_07-52-50,TRUE
202104,all,not_vaccinated,49,49,8419508,0.58,NA,CHFL,COVID19Death,vaccine,all,limited,2021-12-03_07-52-50,TRUE
202104,all,unknown,112,112,NA,NA,NA,CHFL,COVID19Death,vaccine,all,limited,2021-12-03_07-52-50,TRUE
202105,all,fully_vaccinated,0,0,46400,0,NA,CHFL,COVID19Death,vaccine,all,limited,2021-12-03_07-52-50,TRUE
202105,all,partially_vaccinated,12,20,311362,3.85,NA,CHFL,COVID19Death,vaccine,all,limited,2021-12-03_07-52-50,TRUE
202105,all,not_vaccinated,57,106,8351593,0.68,NA,CHFL,COVID19Death,vaccine,all,limited,2021-12-03_07-52-50,TRUE
202105,all,unknown,97,209,NA,NA,NA,CHFL,COVID19Death,vaccine,all,limited,2021-12-03_07-52-50,TRUE
202106,all,fully_vaccinated,1,1,101862,0.98,NA,CHFL,COVID19Death,vaccine,all,limited,2021-12-03_07-52-50,TRUE
202106,all,partially_vaccinated,10,30,332952,3,NA,CHFL,COVID19Death,vaccine,all,limited,2021-12-03_07-52-50,TRUE
202106,all,not_vaccinated,55,161,8274541,0.66,NA,CHFL,COVID19Death,vaccine,all,limited,2021-12-03_07-52-50,TRUE
202106,all,unknown,63,272,NA,NA,NA,CHFL,COVID19Death,vaccine,all,limited,2021-12-03_07-52-50,TRUE
202107,all,fully_vaccinated,0,1,173542,0,NA,CHFL,COVID19Death,vaccine,all,limited,2021-12-03_07-52-50,TRUE
202107,all,partially_vaccinated,4,34,319269,1.25,NA,CHFL,COVID19Death,vaccine,all,limited,2021-12-03_07-52-50,TRUE
202107,all,not_vaccinated,35,196,8216544,0.43,NA,CHFL,COVID19Death,vaccine,all,limited,2021-12-03_07-52-50,TRUE
202107,all,unknown,47,319,NA,NA,NA,CHFL,COVID19Death,vaccine,all,limited,2021-12-03_07-52-50,TRUE
202108,all,fully_vaccinated,3,4,262780,1.14,NA,CHFL,COVID19Death,vaccine,all,limited,2021-12-03_07-52-50,TRUE
202108,all,partially_vaccinated,8,42,277861,2.88,NA,CHFL,COVID19Death,vaccine,all,limited,2021-12-03_07-52-50,TRUE
202108,all,not_vaccinated,19,215,8168714,0.23,NA,CHFL,COVID19Death,vaccine,all,limited,2021-12-03_07-52-50,TRUE
202108,all,unknown,33,352,NA,NA,NA,CHFL,COVID19Death,vaccine,all,limited,2021-12-03_07-52-50,TRUE
202109,all,fully_vaccinated,0,4,338820,0,NA,CHFL,COVID19Death,vaccine,all,limited,2021-12-03_07-52-50,TRUE
202109,all,partially_vaccinated,3,45,275663,1.09,NA,CHFL,COVID19Death,vaccine,all,limited,2021-12-03_07-52-50,TRUE
202109,all,not_vaccinated,25,240,8094872,0.31,NA,CHFL,COVID19Death,vaccine,all,limited,2021-12-03_07-52-50,TRUE
202109,all,unknown,36,388,NA,NA,NA,CHFL,COVID19Death,vaccine,all,limited,2021-12-03_07-52-50,TRUE
202110,all,fully_vaccinated,3,7,400331,0.75,NA,CHFL,COVID19Death,vaccine,all,limited,2021-12-03_07-52-50,TRUE
202110,all,partially_vaccinated,3,48,303125,0.99,NA,CHFL,COVID19Death,vaccine,all,limited,2021-12-03_07-52-50,TRUE
202110,all,not_vaccinated,38,278,8005899,0.47,NA,CHFL,COVID19Death,vaccine,all,limited,2021-12-03_07-52-50,TRUE
202110,all,unknown,31,419,NA,NA,NA,CHFL,COVID19Death,vaccine,all,limited,2021-12-03_07-52-50,TRUE
202111,all,fully_vaccinated,1,8,473090,0.21,NA,CHFL,COVID19Death,vaccine,all,limited,2021-12-03_07-52-50,TRUE
202111,all,partially_vaccinated,6,54,307476,1.95,NA,CHFL,COVID19Death,vaccine,all,limited,2021-12-03_07-52-50,TRUE
202111,all,not_vaccinated,22,300,7928789,0.28,NA,CHFL,COVID19Death,vaccine,all,limited,2021-12-03_07-52-50,TRUE
202111,all,unknown,33,452,NA,NA,NA,CHFL,COVID19Death,vaccine,all,limited,2021-12-03_07-52-50,TRUE
202112,all,fully_vaccinated,2,10,541558,0.37,NA,CHFL,COVID19Death,vaccine,all,limited,2021-12-03_07-52-50,TRUE
202112,all,partially_vaccinated,4,58,351303,1.14,NA,CHFL,COVID19Death,vaccine,all,limited,2021-12-03_07-52-50,TRUE
202112,all,not_vaccinated,30,330,7816494,0.38,NA,CHFL,COVID19Death,vaccine,all,limited,2021-12-03_07-52-50,TRUE
202112,all,unknown,24,476,NA,NA,NA,CHFL,COVID19Death,vaccine,all,limited,2021-12-03_07-52-50,TRUE
202113,all,fully_vaccinated,1,11,607146,0.16,NA,CHFL,COVID19Death,vaccine,all,limited,2021-12-03_07-52-50,TRUE
202113,all,partially_vaccinated,4,62,393987,1.02,NA,CHFL,COVID19Death,vaccine,all,limited,2021-12-03_07-52-50,TRUE
202113,all,not_vaccinated,41,371,7708222,0.53,NA,CHFL,COVID19Death,vaccine,all,limited,2021-12-03_07-52-50,TRUE
202113,all,unknown,25,501,NA,NA,NA,CHFL,COVID19Death,vaccine,all,limited,2021-12-03_07-52-50,TRUE
202114,all,fully_vaccinated,2,13,693907,0.29,NA,CHFL,COVID19Death,vaccine,all,limited,2021-12-03_07-52-50,TRUE
202114,all,partially_vaccinated,3,65,429995,0.7,NA,CHFL,COVID19Death,vaccine,all,limited,2021-12-03_07-52-50,TRUE
202114,all,not_vaccinated,34,405,7585453,0.45,NA,CHFL,COVID19Death,vaccine,all,limited,2021-12-03_07-52-50,TRUE
202114,all,unknown,24,525,NA,NA,NA,CHFL,COVID19Death,vaccine,all,limited,2021-12-03_07-52-50,TRUE
202115,all,fully_vaccinated,3,16,778465,0.39,NA,CHFL,COVID19Death,vaccine,all,limited,2021-12-03_07-52-50,TRUE
202115,all,partially_vaccinated,3,68,555538,0.54,NA,CHFL,COVID19Death,vaccine,all,limited,2021-12-03_07-52-50,TRUE
202115,all,not_vaccinated,21,426,7375352,0.28,NA,CHFL,COVID19Death,vaccine,all,limited,2021-12-03_07-52-50,TRUE
202115,all,unknown,19,544,NA,NA,NA,CHFL,COVID19Death,vaccine,all,limited,2021-12-03_07-52-50,TRUE
202116,all,fully_vaccinated,5,21,888073,0.56,NA,CHFL,COVID19Death,vaccine,all,limited,2021-12-03_07-52-50,TRUE
202116,all,partially_vaccinated,0,68,703022,0,NA,CHFL,COVID19Death,vaccine,all,limited,2021-12-03_07-52-50,TRUE
202116,all,not_vaccinated,30,456,7118260,0.42,NA,CHFL,COVID19Death,vaccine,all,limited,2021-12-03_07-52-50,TRUE
202116,all,unknown,19,563,NA,NA,NA,CHFL,COVID19Death,vaccine,all,limited,2021-12-03_07-52-50,TRUE
202117,all,fully_vaccinated,4,25,995173,0.4,NA,CHFL,COVID19Death,vaccine,all,limited,2021-12-03_07-52-50,TRUE
202117,all,partially_vaccinated,3,71,878539,0.34,NA,CHFL,COVID19Death,vaccine,all,limited,2021-12-03_07-52-50,TRUE
202117,all,not_vaccinated,38,494,6835643,0.56,NA,CHFL,COVID19Death,vaccine,all,limited,2021-12-03_07-52-50,TRUE
202117,all,unknown,24,587,NA,NA,NA,CHFL,COVID19Death,vaccine,all,limited,2021-12-03_07-52-50,TRUE
202118,all,fully_vaccinated,3,28,1130496,0.27,NA,CHFL,COVID19Death,vaccine,all,limited,2021-12-03_07-52-50,TRUE
202118,all,partially_vaccinated,0,71,1064078,0,NA,CHFL,COVID19Death,vaccine,all,limited,2021-12-03_07-52-50,TRUE
202118,all,not_vaccinated,21,515,6514781,0.32,NA,CHFL,COVID19Death,vaccine,all,limited,2021-12-03_07-52-50,TRUE
202118,all,unknown,17,604,NA,NA,NA,CHFL,COVID19Death,vaccine,all,limited,2021-12-03_07-52-50,TRUE
202119,all,fully_vaccinated,2,30,1319801,0.15,NA,CHFL,COVID19Death,vaccine,all,limited,2021-12-03_07-52-50,TRUE
202119,all,partially_vaccinated,1,72,1158782,0.09,NA,CHFL,COVID19Death,vaccine,all,limited,2021-12-03_07-52-50,TRUE
202119,all,not_vaccinated,18,533,6230772,0.29,NA,CHFL,COVID19Death,vaccine,all,limited,2021-12-03_07-52-50,TRUE
202119,all,unknown,9,613,NA,NA,NA,CHFL,COVID19Death,vaccine,all,limited,2021-12-03_07-52-50,TRUE
202120,all,fully_vaccinated,2,32,1581181,0.13,NA,CHFL,COVID19Death,vaccine,all,limited,2021-12-03_07-52-50,TRUE
202120,all,partially_vaccinated,0,72,1213441,0,NA,CHFL,COVID19Death,vaccine,all,limited,2021-12-03_07-52-50,TRUE
202120,all,not_vaccinated,23,556,5914733,0.39,NA,CHFL,COVID19Death,vaccine,all,limited,2021-12-03_07-52-50,TRUE
202120,all,unknown,8,621,NA,NA,NA,CHFL,COVID19Death,vaccine,all,limited,2021-12-03_07-52-50,TRUE
202121,all,fully_vaccinated,2,34,1852573,0.11,NA,CHFL,COVID19Death,vaccine,all,limited,2021-12-03_07-52-50,TRUE
202121,all,partially_vaccinated,0,72,1234008,0,NA,CHFL,COVID19Death,vaccine,all,limited,2021-12-03_07-52-50,TRUE
202121,all,not_vaccinated,10,566,5622774,0.18,NA,CHFL,COVID19Death,vaccine,all,limited,2021-12-03_07-52-50,TRUE
202121,all,unknown,7,628,NA,NA,NA,CHFL,COVID19Death,vaccine,all,limited,2021-12-03_07-52-50,TRUE
202122,all,fully_vaccinated,4,38,2161995,0.19,NA,CHFL,COVID19Death,vaccine,all,limited,2021-12-03_07-52-50,TRUE
202122,all,partially_vaccinated,0,72,1261334,0,NA,CHFL,COVID19Death,vaccine,all,limited,2021-12-03_07-52-50,TRUE
202122,all,not_vaccinated,16,582,5286026,0.3,NA,CHFL,COVID19Death,vaccine,all,limited,2021-12-03_07-52-50,TRUE
202122,all,unknown,4,632,NA,NA,NA,CHFL,COVID19Death,vaccine,all,limited,2021-12-03_07-52-50,TRUE
202123,all,fully_vaccinated,1,39,2466213,0.04,NA,CHFL,COVID19Death,vaccine,all,limited,2021-12-03_07-52-50,TRUE
202123,all,partially_vaccinated,2,74,1310791,0.15,NA,CHFL,COVID19Death,vaccine,all,limited,2021-12-03_07-52-50,TRUE
202123,all,not_vaccinated,7,589,4932351,0.14,NA,CHFL,COVID19Death,vaccine,all,limited,2021-12-03_07-52-50,TRUE
202123,all,unknown,6,638,NA,NA,NA,CHFL,COVID19Death,vaccine,all,limited,2021-12-03_07-52-50,TRUE
202124,all,fully_vaccinated,0,39,2779117,0,NA,CHFL,COVID19Death,vaccine,all,limited,2021-12-03_07-52-50,TRUE
202124,all,partially_vaccinated,0,74,1305603,0,NA,CHFL,COVID19Death,vaccine,all,limited,2021-12-03_07-52-50,TRUE
202124,all,not_vaccinated,7,596,4624635,0.15,NA,CHFL,COVID19Death,vaccine,all,limited,2021-12-03_07-52-50,TRUE
202124,all,unknown,5,643,NA,NA,NA,CHFL,COVID19Death,vaccine,all,limited,2021-12-03_07-52-50,TRUE
202125,all,fully_vaccinated,1,40,3085570,0.03,NA,CHFL,COVID19Death,vaccine,all,limited,2021-12-03_07-52-50,TRUE
202125,all,partially_vaccinated,0,74,1229571,0,NA,CHFL,COVID19Death,vaccine,all,limited,2021-12-03_07-52-50,TRUE
202125,all,not_vaccinated,4,600,4394214,0.09,NA,CHFL,COVID19Death,vaccine,all,limited,2021-12-03_07-52-50,TRUE
202125,all,unknown,2,645,NA,NA,NA,CHFL,COVID19Death,vaccine,all,limited,2021-12-03_07-52-50,TRUE
202126,all,fully_vaccinated,0,40,3417704,0,NA,CHFL,COVID19Death,vaccine,all,intermediate,2021-12-03_07-52-50,TRUE
202126,all,partially_vaccinated,0,74,1024626,0,NA,CHFL,COVID19Death,vaccine,all,intermediate,2021-12-03_07-52-50,TRUE
202126,all,not_vaccinated,1,601,4267025,0.02,NA,CHFL,COVID19Death,vaccine,all,intermediate,2021-12-03_07-52-50,TRUE
202126,all,unknown,2,647,NA,NA,NA,CHFL,COVID19Death,vaccine,all,intermediate,2021-12-03_07-52-50,TRUE
202127,all,fully_vaccinated,0,40,3751321,0,NA,CHFL,COVID19Death,vaccine,all,intermediate,2021-12-03_07-52-50,TRUE
202127,all,partially_vaccinated,0,74,778385,0,NA,CHFL,COVID19Death,vaccine,all,intermediate,2021-12-03_07-52-50,TRUE
202127,all,not_vaccinated,3,604,4179649,0.07,NA,CHFL,COVID19Death,vaccine,all,intermediate,2021-12-03_07-52-50,TRUE
202127,all,unknown,0,647,NA,NA,NA,CHFL,COVID19Death,vaccine,all,intermediate,2021-12-03_07-52-50,TRUE
202128,all,fully_vaccinated,1,41,4045924,0.02,NA,CHFL,COVID19Death,vaccine,all,intermediate,2021-12-03_07-52-50,TRUE
202128,all,partially_vaccinated,1,75,561391,0.18,NA,CHFL,COVID19Death,vaccine,all,intermediate,2021-12-03_07-52-50,TRUE
202128,all,not_vaccinated,0,604,4102040,0,NA,CHFL,COVID19Death,vaccine,all,intermediate,2021-12-03_07-52-50,TRUE
202128,all,unknown,0,647,NA,NA,NA,CHFL,COVID19Death,vaccine,all,intermediate,2021-12-03_07-52-50,TRUE
202129,all,fully_vaccinated,0,41,4272713,0,NA,CHFL,COVID19Death,vaccine,all,intermediate,2021-12-03_07-52-50,TRUE
202129,all,partially_vaccinated,0,75,404432,0,NA,CHFL,COVID19Death,vaccine,all,intermediate,2021-12-03_07-52-50,TRUE
202129,all,not_vaccinated,5,609,4032210,0.12,NA,CHFL,COVID19Death,vaccine,all,intermediate,2021-12-03_07-52-50,TRUE
202129,all,unknown,0,647,NA,NA,NA,CHFL,COVID19Death,vaccine,all,intermediate,2021-12-03_07-52-50,TRUE
202130,all,fully_vaccinated,1,42,4397444,0.02,NA,CHFL,COVID19Death,vaccine,all,intermediate,2021-12-03_07-52-50,TRUE
202130,all,partially_vaccinated,0,75,345547,0,NA,CHFL,COVID19Death,vaccine,all,intermediate,2021-12-03_07-52-50,TRUE
202130,all,not_vaccinated,8,617,3966364,0.2,NA,CHFL,COVID19Death,vaccine,all,intermediate,2021-12-03_07-52-50,TRUE
202130,all,unknown,2,649,NA,NA,NA,CHFL,COVID19Death,vaccine,all,intermediate,2021-12-03_07-52-50,TRUE
202131,all,fully_vaccinated,0,42,4483414,0,NA,CHFL,COVID19Death,vaccine,all,intermediate,2021-12-03_07-52-50,TRUE
202131,all,partially_vaccinated,0,75,313402,0,NA,CHFL,COVID19Death,vaccine,all,intermediate,2021-12-03_07-52-50,TRUE
202131,all,not_vaccinated,3,620,3912539,0.08,NA,CHFL,COVID19Death,vaccine,all,intermediate,2021-12-03_07-52-50,TRUE
202131,all,unknown,0,649,NA,NA,NA,CHFL,COVID19Death,vaccine,all,intermediate,2021-12-03_07-52-50,TRUE
202132,all,fully_vaccinated,4,46,4563098,0.09,NA,CHFL,COVID19Death,vaccine,all,intermediate,2021-12-03_07-52-50,TRUE
202132,all,partially_vaccinated,0,75,296351,0,NA,CHFL,COVID19Death,vaccine,all,intermediate,2021-12-03_07-52-50,TRUE
202132,all,not_vaccinated,6,626,3849906,0.16,NA,CHFL,COVID19Death,vaccine,all,intermediate,2021-12-03_07-52-50,TRUE
202132,all,unknown,4,653,NA,NA,NA,CHFL,COVID19Death,vaccine,all,intermediate,2021-12-03_07-52-50,TRUE
202133,all,fully_vaccinated,9,55,4640075,0.19,NA,CHFL,COVID19Death,vaccine,all,intermediate,2021-12-03_07-52-50,TRUE
202133,all,partially_vaccinated,0,75,292440,0,NA,CHFL,COVID19Death,vaccine,all,intermediate,2021-12-03_07-52-50,TRUE
202133,all,not_vaccinated,13,639,3776840,0.34,NA,CHFL,COVID19Death,vaccine,all,intermediate,2021-12-03_07-52-50,TRUE
202133,all,unknown,3,656,NA,NA,NA,CHFL,COVID19Death,vaccine,all,intermediate,2021-12-03_07-52-50,TRUE
202134,all,fully_vaccinated,6,61,4714204,0.13,NA,CHFL,COVID19Death,vaccine,all,intermediate,2021-12-03_07-52-50,TRUE
202134,all,partially_vaccinated,0,75,310842,0,NA,CHFL,COVID19Death,vaccine,all,intermediate,2021-12-03_07-52-50,TRUE
202134,all,not_vaccinated,28,667,3684309,0.76,NA,CHFL,COVID19Death,vaccine,all,intermediate,2021-12-03_07-52-50,TRUE
202134,all,unknown,8,664,NA,NA,NA,CHFL,COVID19Death,vaccine,all,intermediate,2021-12-03_07-52-50,TRUE
202135,all,fully_vaccinated,15,76,4775642,0.31,NA,CHFL,COVID19Death,vaccine,all,intermediate,2021-12-03_07-52-50,TRUE
202135,all,partially_vaccinated,0,75,351684,0,NA,CHFL,COVID19Death,vaccine,all,intermediate,2021-12-03_07-52-50,TRUE
202135,all,not_vaccinated,31,698,3582029,0.87,NA,CHFL,COVID19Death,vaccine,all,intermediate,2021-12-03_07-52-50,TRUE
202135,all,unknown,6,670,NA,NA,NA,CHFL,COVID19Death,vaccine,all,intermediate,2021-12-03_07-52-50,TRUE
202136,all,fully_vaccinated,15,91,4847984,0.31,NA,CHFL,COVID19Death,vaccine,all,intermediate,2021-12-03_07-52-50,TRUE
202136,all,partially_vaccinated,0,75,412146,0,NA,CHFL,COVID19Death,vaccine,all,intermediate,2021-12-03_07-52-50,TRUE
202136,all,not_vaccinated,28,726,3449225,0.81,NA,CHFL,COVID19Death,vaccine,all,intermediate,2021-12-03_07-52-50,TRUE
202136,all,unknown,11,681,NA,NA,NA,CHFL,COVID19Death,vaccine,all,intermediate,2021-12-03_07-52-50,TRUE
202137,all,fully_vaccinated,15,106,4936468,0.3,NA,CHFL,COVID19Death,vaccine,all,intermediate,2021-12-03_07-52-50,TRUE
202137,all,partially_vaccinated,0,75,473305,0,NA,CHFL,COVID19Death,vaccine,all,intermediate,2021-12-03_07-52-50,TRUE
202137,all,not_vaccinated,23,749,3299582,0.7,NA,CHFL,COVID19Death,vaccine,all,intermediate,2021-12-03_07-52-50,TRUE
202137,all,unknown,4,685,NA,NA,NA,CHFL,COVID19Death,vaccine,all,intermediate,2021-12-03_07-52-50,TRUE
202138,all,fully_vaccinated,17,123,5033001,0.34,NA,CHFL,COVID19Death,vaccine,all,intermediate,2021-12-03_07-52-50,TRUE
202138,all,partially_vaccinated,2,77,487551,0.41,NA,CHFL,COVID19Death,vaccine,all,intermediate,2021-12-03_07-52-50,TRUE
202138,all,not_vaccinated,20,769,3188803,0.63,NA,CHFL,COVID19Death,vaccine,all,intermediate,2021-12-03_07-52-50,TRUE
202138,all,unknown,3,688,NA,NA,NA,CHFL,COVID19Death,vaccine,all,intermediate,2021-12-03_07-52-50,TRUE
202139,all,fully_vaccinated,3,126,5133179,0.06,NA,CHFL,COVID19Death,vaccine,all,intermediate,2021-12-03_07-52-50,TRUE
202139,all,partially_vaccinated,0,77,458455,0,NA,CHFL,COVID19Death,vaccine,all,intermediate,2021-12-03_07-52-50,TRUE
202139,all,not_vaccinated,30,799,3117721,0.96,NA,CHFL,COVID19Death,vaccine,all,intermediate,2021-12-03_07-52-50,TRUE
202139,all,unknown,1,689,NA,NA,NA,CHFL,COVID19Death,vaccine,all,intermediate,2021-12-03_07-52-50,TRUE
202140,all,fully_vaccinated,10,136,5250955,0.19,NA,CHFL,COVID19Death,vaccine,all,intermediate,2021-12-03_07-52-50,TRUE
202140,all,partially_vaccinated,1,78,393158,0.25,NA,CHFL,COVID19Death,vaccine,all,intermediate,2021-12-03_07-52-50,TRUE
202140,all,not_vaccinated,14,813,3065242,0.46,NA,CHFL,COVID19Death,vaccine,all,intermediate,2021-12-03_07-52-50,TRUE
202140,all,unknown,6,695,NA,NA,NA,CHFL,COVID19Death,vaccine,all,intermediate,2021-12-03_07-52-50,TRUE
202141,all,fully_vaccinated,12,148,5382149,0.22,NA,CHFL,COVID19Death,vaccine,all,intermediate,2021-12-03_07-52-50,TRUE
202141,all,partially_vaccinated,0,78,309118,0,NA,CHFL,COVID19Death,vaccine,all,intermediate,2021-12-03_07-52-50,TRUE
202141,all,not_vaccinated,16,829,3018088,0.53,NA,CHFL,COVID19Death,vaccine,all,intermediate,2021-12-03_07-52-50,TRUE
202141,all,unknown,4,699,NA,NA,NA,CHFL,COVID19Death,vaccine,all,intermediate,2021-12-03_07-52-50,TRUE
202142,all,fully_vaccinated,12,160,5493457,0.22,NA,CHFL,COVID19Death,vaccine,all,intermediate,2021-12-03_07-52-50,TRUE
202142,all,partially_vaccinated,0,78,235328,0,NA,CHFL,COVID19Death,vaccine,all,intermediate,2021-12-03_07-52-50,TRUE
202142,all,not_vaccinated,16,845,2980570,0.54,NA,CHFL,COVID19Death,vaccine,all,intermediate,2021-12-03_07-52-50,TRUE
202142,all,unknown,4,703,NA,NA,NA,CHFL,COVID19Death,vaccine,all,intermediate,2021-12-03_07-52-50,TRUE
202143,all,fully_vaccinated,19,179,5568501,0.34,NA,CHFL,COVID19Death,vaccine,all,intermediate,2021-12-03_07-52-50,TRUE
202143,all,partially_vaccinated,3,81,188879,1.59,NA,CHFL,COVID19Death,vaccine,all,intermediate,2021-12-03_07-52-50,TRUE
202143,all,not_vaccinated,17,862,2951975,0.58,NA,CHFL,COVID19Death,vaccine,all,intermediate,2021-12-03_07-52-50,TRUE
202143,all,unknown,5,708,NA,NA,NA,CHFL,COVID19Death,vaccine,all,intermediate,2021-12-03_07-52-50,TRUE
202144,all,fully_vaccinated,15,194,5619163,0.27,NA,CHFL,COVID19Death,vaccine,all,intermediate,2021-12-03_07-52-50,TRUE
202144,all,partially_vaccinated,0,81,163329,0,NA,CHFL,COVID19Death,vaccine,all,intermediate,2021-12-03_07-52-50,TRUE
202144,all,not_vaccinated,14,876,2926863,0.48,NA,CHFL,COVID19Death,vaccine,all,intermediate,2021-12-03_07-52-50,TRUE
202144,all,unknown,3,711,NA,NA,NA,CHFL,COVID19Death,vaccine,all,intermediate,2021-12-03_07-52-50,TRUE
202145,all,fully_vaccinated,21,215,5664380,0.37,NA,CHFL,COVID19Death,vaccine,all,intermediate,2021-12-03_07-52-50,TRUE
202145,all,partially_vaccinated,0,81,153300,0,NA,CHFL,COVID19Death,vaccine,all,intermediate,2021-12-03_07-52-50,TRUE
202145,all,not_vaccinated,33,909,2891675,1.14,NA,CHFL,COVID19Death,vaccine,all,intermediate,2021-12-03_07-52-50,TRUE
202145,all,unknown,5,716,NA,NA,NA,CHFL,COVID19Death,vaccine,all,intermediate,2021-12-03_07-52-50,TRUE
202146,all,fully_vaccinated,28,243,5697615,0.49,NA,CHFL,COVID19Death,vaccine,all,intermediate,2021-12-03_07-52-50,TRUE
202146,all,partially_vaccinated,0,81,145376,0,NA,CHFL,COVID19Death,vaccine,all,intermediate,2021-12-03_07-52-50,TRUE
202146,all,not_vaccinated,28,937,2866364,0.98,NA,CHFL,COVID19Death,vaccine,all,intermediate,2021-12-03_07-52-50,TRUE
202146,all,unknown,11,727,NA,NA,NA,CHFL,COVID19Death,vaccine,all,intermediate,2021-12-03_07-52-50,TRUE
202147,all,fully_vaccinated,47,290,5725220,0.82,NA,CHFL,COVID19Death,vaccine,all,intermediate,2021-12-03_07-52-50,TRUE
202147,all,partially_vaccinated,0,81,140573,0,NA,CHFL,COVID19Death,vaccine,all,intermediate,2021-12-03_07-52-50,TRUE
202147,all,not_vaccinated,39,976,2843562,1.37,NA,CHFL,COVID19Death,vaccine,all,intermediate,2021-12-03_07-52-50,TRUE
202147,all,unknown,17,744,NA,NA,NA,CHFL,COVID19Death,vaccine,all,intermediate,2021-12-03_07-52-50,TRUE